Date,(INDEX) S&P Composite 1500 / Consumer Discretionary - SEC - Total Return    
12/30/2013,0
12/31/2013,0.37
1/1/2014,0.37
1/2/2014,-0.16
1/3/2014,-0.35
1/6/2014,-0.98
1/7/2014,-0.45
1/8/2014,-0.6
1/9/2014,-0.77
1/10/2014,-0.39
1/13/2014,-2.36
1/14/2014,-1.59
1/15/2014,-1.37
1/16/2014,-1.84
1/17/2014,-2.34
1/20/2014,-2.34
1/21/2014,-2.55
1/22/2014,-2.23
1/23/2014,-2.93
1/24/2014,-4.83
1/27/2014,-5.23
1/28/2014,-4.52
1/29/2014,-6.09
1/30/2014,-4.5
1/31/2014,-5.58
2/3/2014,-8.19
2/4/2014,-7.16
2/5/2014,-7.06
2/6/2014,-5.11
2/7/2014,-3.93
2/10/2014,-3.99
2/11/2014,-3.29
2/12/2014,-3.24
2/13/2014,-2.76
2/14/2014,-2.26
2/17/2014,-2.26
2/18/2014,-2.18
2/19/2014,-2.92
2/20/2014,-2.37
2/21/2014,-2.12
2/24/2014,-1.56
2/25/2014,-1.03
2/26/2014,-0.34
2/27/2014,0.05
2/28/2014,0.33
3/3/2014,-0.5
3/4/2014,0.85
3/5/2014,1.09
3/6/2014,1.41
3/7/2014,1.4
3/10/2014,1.06
3/11/2014,0.53
3/12/2014,0.46
3/13/2014,-0.9
3/14/2014,-0.84
3/17/2014,-0.14
3/18/2014,0.37
3/19/2014,-0.27
3/20/2014,-0.07
3/21/2014,-0.66
3/24/2014,-1.68
3/25/2014,-2.31
3/26/2014,-3.13
3/27/2014,-3.51
3/28/2014,-2.7
3/31/2014,-2.02
4/1/2014,-0.67
4/2/2014,-0.04
4/3/2014,-0.58
4/4/2014,-2.29
4/7/2014,-4.23
4/8/2014,-3.29
4/9/2014,-2.28
4/10/2014,-4.67
4/11/2014,-5.98
4/14/2014,-5.27
4/15/2014,-5.14
4/16/2014,-3.9
4/17/2014,-3.8
4/18/2014,-3.8
4/21/2014,-3.53
4/22/2014,-2.69
4/23/2014,-3.16
4/24/2014,-2.71
4/25/2014,-4.27
4/28/2014,-4.51
4/29/2014,-4.08
4/30/2014,-3.64
5/1/2014,-3.31
5/2/2014,-2.98
5/5/2014,-2.96
5/6/2014,-4.29
5/7/2014,-4.45
5/8/2014,-4.28
5/9/2014,-3.67
5/12/2014,-2.36
5/13/2014,-2.72
5/14/2014,-3.8
5/15/2014,-4.51
5/16/2014,-3.81
5/19/2014,-3.39
5/20/2014,-4.35
5/21/2014,-3.29
5/22/2014,-2.74
5/23/2014,-1.95
5/26/2014,-1.95
5/27/2014,-1.45
5/28/2014,-1.63
5/29/2014,-1.24
5/30/2014,-1.16
6/2/2014,-0.88
6/3/2014,-1.04
6/4/2014,-0.56
6/5/2014,0.13
6/6/2014,0.73
6/9/2014,0.87
6/10/2014,0.6
6/11/2014,0.27
6/12/2014,-0.97
6/13/2014,-0.94
6/16/2014,-0.61
6/17/2014,-0.24
6/18/2014,0.49
6/19/2014,0.31
6/20/2014,-0.03
6/23/2014,0.08
6/24/2014,-0.19
6/25/2014,0.67
6/26/2014,0.72
6/27/2014,1.04
6/30/2014,1.06
7/1/2014,2.11
7/2/2014,2.17
7/3/2014,2.99
7/4/2014,2.99
7/7/2014,2.28
7/8/2014,1.25
7/9/2014,2.41
7/10/2014,1.43
7/11/2014,1.65
7/14/2014,1.91
7/15/2014,1.49
7/16/2014,1.68
7/17/2014,0.73
7/18/2014,1.68
7/21/2014,1.17
7/22/2014,1.66
7/23/2014,1.57
7/24/2014,1.88
7/25/2014,0.71
7/28/2014,0.84
7/29/2014,0.55
7/30/2014,1.07
7/31/2014,-0.79
8/1/2014,-1.1
8/4/2014,-0.11
8/5/2014,-0.73
8/6/2014,-0.94
8/7/2014,-1.42
8/8/2014,0.08
8/11/2014,0.55
8/12/2014,0.16
8/13/2014,0.49
8/14/2014,1.28
8/15/2014,1.11
8/18/2014,2.1
8/19/2014,2.88
8/20/2014,3.36
8/21/2014,3.27
8/22/2014,3.44
8/25/2014,3.76
8/26/2014,3.85
8/27/2014,3.95
8/28/2014,3.73
8/29/2014,3.76
9/1/2014,3.76
9/2/2014,4.04
9/3/2014,3.71
9/4/2014,4.12
9/5/2014,4.51
9/8/2014,4.06
9/9/2014,3.06
9/10/2014,3.41
9/11/2014,3.53
9/12/2014,3.19
9/15/2014,2.76
9/16/2014,3.24
9/17/2014,3.28
9/18/2014,3.67
9/19/2014,3.65
9/22/2014,2.13
9/23/2014,1.3
9/24/2014,2.3
9/25/2014,0.88
9/26/2014,1.93
9/29/2014,1.44
9/30/2014,0.82
10/1/2014,-0.46
10/2/2014,0.01
10/3/2014,1.32
10/6/2014,0.74
10/7/2014,-0.74
10/8/2014,0.78
10/9/2014,-1.47
10/10/2014,-2.36
10/13/2014,-4.31
10/14/2014,-3.57
10/15/2014,-4.19
10/16/2014,-3.96
10/17/2014,-3.03
10/20/2014,-1.67
10/21/2014,0.13
10/22/2014,-0.73
10/23/2014,0.63
10/24/2014,0.57
10/27/2014,0.77
10/28/2014,1.97
10/29/2014,1.64
10/30/2014,2.27
10/31/2014,3.24
11/3/2014,3.26
11/4/2014,2.09
11/5/2014,2.54
11/6/2014,3.52
11/7/2014,3.33
11/10/2014,3.34
11/11/2014,3.71
11/12/2014,4.34
11/13/2014,4.82
11/14/2014,5.2
11/17/2014,5
11/18/2014,5.16
11/19/2014,5.64
11/20/2014,6.18
11/21/2014,6.4
11/24/2014,7.45
11/25/2014,7.72
11/26/2014,7.78
11/27/2014,7.78
11/28/2014,8.98
12/1/2014,7.73
12/2/2014,8.13
12/3/2014,8.44
12/4/2014,8.24
12/5/2014,8.48
12/8/2014,7.57
12/9/2014,7.54
12/10/2014,5.97
12/11/2014,6.84
12/12/2014,6.23
12/15/2014,5.66
12/16/2014,4.05
12/17/2014,6.07
12/18/2014,7.75
12/19/2014,8
12/22/2014,8.94
12/23/2014,9.6
12/24/2014,9.43
12/25/2014,9.43
12/26/2014,10.02
12/29/2014,10.81
12/30/2014,10.4
12/31/2014,10.01
1/1/2015,10.01
1/2/2015,9.18
1/5/2015,7.2
1/6/2015,6.12
1/7/2015,7.91
1/8/2015,9.48
1/9/2015,8.27
1/12/2015,7.83
1/13/2015,7.64
1/14/2015,6.46
1/15/2015,4.99
1/16/2015,6.38
1/19/2015,6.38
1/20/2015,5.67
1/21/2015,6.32
1/22/2015,8.34
1/23/2015,8.18
1/26/2015,8.88
1/27/2015,8.1
1/28/2015,6.74
1/29/2015,8.16
1/30/2015,6.82
2/2/2015,7.71
2/3/2015,10.01
2/4/2015,10.66
2/5/2015,11.29
2/6/2015,11.15
2/9/2015,10.71
2/10/2015,12.06
2/11/2015,12.11
2/12/2015,13.3
2/13/2015,13.93
2/16/2015,13.93
2/17/2015,13.77
2/18/2015,13.74
2/19/2015,14.04
2/20/2015,14.86
2/23/2015,14.8
2/24/2015,15.25
2/25/2015,16.09
2/26/2015,15.72
2/27/2015,15.53
3/2/2015,16.86
3/3/2015,16.53
3/4/2015,15.85
3/5/2015,15.94
3/6/2015,14.56
3/9/2015,15.21
3/10/2015,13.43
3/11/2015,13.04
3/12/2015,15.26
3/13/2015,14.47
3/16/2015,15.68
3/17/2015,15.19
3/18/2015,16.14
3/19/2015,16
3/20/2015,17.2
3/23/2015,17.11
3/24/2015,16.62
3/25/2015,14.69
3/26/2015,13.98
3/27/2015,14.65
3/30/2015,15.85
3/31/2015,15.35
4/1/2015,14.81
4/2/2015,15.82
4/3/2015,15.82
4/6/2015,16.35
4/7/2015,15.69
4/8/2015,16.76
4/9/2015,16.8
4/10/2015,17.14
4/13/2015,16.56
4/14/2015,16.41
4/15/2015,16.45
4/16/2015,16.65
4/17/2015,14.97
4/20/2015,16.18
4/21/2015,16.27
4/22/2015,16.43
4/23/2015,17.03
4/24/2015,18.43
4/27/2015,17.42
4/28/2015,17.07
4/29/2015,16.22
4/30/2015,14.91
5/1/2015,16.48
5/4/2015,16.72
5/5/2015,15.51
5/6/2015,15.09
5/7/2015,15.69
5/8/2015,16.87
5/11/2015,16.45
5/12/2015,16.2
5/13/2015,15.54
5/14/2015,16.01
5/15/2015,16.83
5/18/2015,17.41
5/19/2015,17.4
5/20/2015,17.33
5/21/2015,17.72
5/22/2015,17.52
5/25/2015,17.52
5/26/2015,16.71
5/27/2015,17.5
5/28/2015,17.33
5/29/2015,16.49
6/1/2015,16.84
6/2/2015,17.07
6/3/2015,18.02
6/4/2015,17.25
6/5/2015,17.02
6/8/2015,16.26
6/9/2015,16.13
6/10/2015,17.31
6/11/2015,17.65
6/12/2015,17.24
6/15/2015,16.69
6/16/2015,17.31
6/17/2015,17.82
6/18/2015,19.23
6/19/2015,18.98
6/22/2015,19.58
6/23/2015,20.02
6/24/2015,19.14
6/25/2015,19.11
6/26/2015,19.61
6/29/2015,16.87
6/30/2015,17.39
7/1/2015,18.6
7/2/2015,18.4
7/3/2015,18.4
7/6/2015,18.15
7/7/2015,19.05
7/8/2015,16.93
7/9/2015,17.4
7/10/2015,19.06
7/13/2015,20.79
7/14/2015,20.93
7/15/2015,20.7
7/16/2015,21.43
7/17/2015,21.09
7/20/2015,21.12
7/21/2015,20.74
7/22/2015,21.29
7/23/2015,20.46
7/24/2015,20.27
7/27/2015,19.35
7/28/2015,20.36
7/29/2015,21.6
7/30/2015,22.05
7/31/2015,22.42
8/3/2015,22.04
8/4/2015,22.42
8/5/2015,21.3
8/6/2015,19.62
8/7/2015,19.52
8/10/2015,20.58
8/11/2015,19.41
8/12/2015,18.88
8/13/2015,19.54
8/14/2015,19.75
8/17/2015,20.93
8/18/2015,20.96
8/19/2015,20.6
8/20/2015,17.25
8/21/2015,13.55
8/24/2015,9.07
8/25/2015,8.66
8/26/2015,12.68
8/27/2015,15.3
8/28/2015,15.46
8/31/2015,14.64
9/1/2015,11.73
9/2/2015,14.03
9/3/2015,14.16
9/4/2015,12.96
9/7/2015,12.96
9/8/2015,15.59
9/9/2015,14.24
9/10/2015,14.48
9/11/2015,15.32
9/14/2015,14.7
9/15/2015,15.89
9/16/2015,17.21
9/17/2015,17.51
9/18/2015,15.7
9/21/2015,16.51
9/22/2015,15.07
9/23/2015,14.75
9/24/2015,14.39
9/25/2015,14.4
9/28/2015,11.06
9/29/2015,10.73
9/30/2015,13.49
10/1/2015,14.13
10/2/2015,15.71
10/5/2015,17.49
10/6/2015,16.61
10/7/2015,17.12
10/8/2015,18.46
10/9/2015,18.65
10/12/2015,19.13
10/13/2015,18.41
10/14/2015,17.15
10/15/2015,18.56
10/16/2015,19.23
10/19/2015,19.8
10/20/2015,19.54
10/21/2015,18.89
10/22/2015,20.35
10/23/2015,20.65
10/26/2015,21.59
10/27/2015,20.78
10/28/2015,22.15
10/29/2015,22.3
10/30/2015,22.53
11/2/2015,23.18
11/3/2015,23.69
11/4/2015,22.85
11/5/2015,23.3
11/6/2015,23.19
11/9/2015,21.55
11/10/2015,22.55
11/11/2015,21.84
11/12/2015,20.6
11/13/2015,17.39
11/16/2015,18.83
11/17/2015,18.96
11/18/2015,21
11/19/2015,21.05
11/20/2015,22.57
11/23/2015,23.06
11/24/2015,22.91
11/25/2015,23.6
11/26/2015,23.6
11/27/2015,23.19
11/30/2015,22.08
12/1/2015,23.32
12/2/2015,22.29
12/3/2015,20.39
12/4/2015,22.69
12/7/2015,22.16
12/8/2015,21.75
12/9/2015,20.3
12/10/2015,20.64
12/11/2015,17.96
12/14/2015,18.36
12/15/2015,19.08
12/16/2015,21.1
12/17/2015,19.1
12/18/2015,17.4
12/21/2015,17.85
12/22/2015,18.72
12/23/2015,19.43
12/24/2015,19.12
12/25/2015,19.12
12/28/2015,19.38
12/29/2015,20.69
12/30/2015,19.75
12/31/2015,18.6
1/1/2016,18.6
1/4/2016,16.56
1/5/2016,16.41
1/6/2016,15.17
1/7/2016,12.88
1/8/2016,11.56
1/11/2016,12.43
1/12/2016,13.59
1/13/2016,9.85
1/14/2016,10.61
1/15/2016,8.41
1/18/2016,8.41
1/19/2016,8.7
1/20/2016,7.78
1/21/2016,9.18
1/22/2016,11.07
1/25/2016,9.71
1/26/2016,11.43
1/27/2016,9.76
1/28/2016,11.01
1/29/2016,12.58
2/1/2016,13.07
2/2/2016,10.97
2/3/2016,10.61
2/4/2016,10.12
2/5/2016,6.65
2/8/2016,4.63
2/9/2016,4.29
2/10/2016,4.27
2/11/2016,4.05
2/12/2016,5.98
2/15/2016,5.98
2/16/2016,8.66
2/17/2016,10.98
2/18/2016,10.24
2/19/2016,10.54
2/22/2016,12.61
2/23/2016,12.06
2/24/2016,12.78
2/25/2016,14
2/26/2016,13.98
2/29/2016,13.44
3/1/2016,16.3
3/2/2016,16.26
3/3/2016,17.03
3/4/2016,17.09
3/7/2016,16.71
3/8/2016,15.71
3/9/2016,15.96
3/10/2016,16.08
3/11/2016,17.93
3/14/2016,18.31
3/15/2016,18.15
3/16/2016,19.03
3/17/2016,19.46
3/18/2016,19.67
3/21/2016,19.66
3/22/2016,19.31
3/23/2016,18.44
3/24/2016,18.57
3/25/2016,18.57
3/28/2016,19.21
3/29/2016,20.47
3/30/2016,21.13
3/31/2016,21.02
4/1/2016,21.59
4/4/2016,20.5
4/5/2016,19.49
4/6/2016,20.6
4/7/2016,19.14
4/8/2016,19
4/11/2016,18.53
4/12/2016,19.49
4/13/2016,21.23
4/14/2016,21.19
4/15/2016,21.56
4/18/2016,22.62
4/19/2016,22.06
4/20/2016,22.12
4/21/2016,21.75
4/22/2016,21.5
4/25/2016,21.6
4/26/2016,22.01
4/27/2016,21.97
4/28/2016,20.52
4/29/2016,20.99
5/2/2016,22.64
5/3/2016,21.51
5/4/2016,20.95
5/5/2016,20.16
5/6/2016,20.9
5/9/2016,21.37
5/10/2016,22.8
5/11/2016,20.21
5/12/2016,20.39
5/13/2016,19.05
5/16/2016,19.74
5/17/2016,18.36
5/18/2016,17.63
5/19/2016,17.57
5/20/2016,18.43
5/23/2016,17.93
5/24/2016,19.49
5/25/2016,20.09
5/26/2016,20.34
5/27/2016,21.04
5/30/2016,21.04
5/31/2016,20.96
6/1/2016,20.91
6/2/2016,21.62
6/3/2016,20.92
6/6/2016,21.1
6/7/2016,21.34
6/8/2016,21.53
6/9/2016,21.21
6/10/2016,19.88
6/13/2016,19.06
6/14/2016,18.77
6/15/2016,19.15
6/16/2016,19.53
6/17/2016,19.43
6/20/2016,20.5
6/21/2016,20.22
6/22/2016,20
6/23/2016,21.2
6/24/2016,16.88
6/27/2016,14.59
6/28/2016,16.71
6/29/2016,18.72
6/30/2016,19.67
7/1/2016,20.77
7/4/2016,20.77
7/5/2016,19.78
7/6/2016,20.8
7/7/2016,21.33
7/8/2016,23.51
7/11/2016,24.27
7/12/2016,24.92
7/13/2016,24.33
7/14/2016,24.8
7/15/2016,24.25
7/18/2016,24.7
7/19/2016,24.45
7/20/2016,25.03
7/21/2016,24.76
7/22/2016,25.35
7/25/2016,25.54
7/26/2016,25.38
7/27/2016,24.95
7/28/2016,25.22
7/29/2016,25.35
8/1/2016,25.46
8/2/2016,23.52
8/3/2016,23.86
8/4/2016,23.82
8/5/2016,25.17
8/8/2016,24.83
8/9/2016,24.41
8/10/2016,24.61
8/11/2016,25.92
8/12/2016,25.92
8/15/2016,26.22
8/16/2016,25.52
8/17/2016,25.21
8/18/2016,25.25
8/19/2016,25.24
8/22/2016,25.13
8/23/2016,25.8
8/24/2016,25.18
8/25/2016,24.78
8/26/2016,24.37
8/29/2016,24.77
8/30/2016,24.13
8/31/2016,23.82
9/1/2016,23.97
9/2/2016,24.22
9/5/2016,24.22
9/6/2016,24.35
9/7/2016,24.52
9/8/2016,23.53
9/9/2016,20.48
9/12/2016,22.22
9/13/2016,20.41
9/14/2016,20.41
9/15/2016,21.28
9/16/2016,21.04
9/19/2016,20.99
9/20/2016,21
9/21/2016,22.1
9/22/2016,23.1
9/23/2016,22.84
9/26/2016,21.48
9/27/2016,22.59
9/28/2016,22.85
9/29/2016,22.11
9/30/2016,23.13
10/3/2016,23.09
10/4/2016,22.69
10/5/2016,23.19
10/6/2016,23.24
10/7/2016,22.68
10/10/2016,22.86
10/11/2016,21.42
10/12/2016,21.91
10/13/2016,21.41
10/14/2016,21.24
10/17/2016,20.35
10/18/2016,21.02
10/19/2016,21.68
10/20/2016,21.4
10/21/2016,22.23
10/24/2016,23.08
10/25/2016,21.61
10/26/2016,21.1
10/27/2016,20.03
10/28/2016,19.86
10/31/2016,20.07
11/1/2016,19
11/2/2016,18.35
11/3/2016,18.01
11/4/2016,17.83
11/7/2016,20.49
11/8/2016,21.02
11/9/2016,21.49
11/10/2016,22.1
11/11/2016,23.03
11/14/2016,23.23
11/15/2016,23.55
11/16/2016,24.19
11/17/2016,25.67
11/18/2016,25.26
11/21/2016,26.06
11/22/2016,27.7
11/23/2016,27.9
11/24/2016,27.9
11/25/2016,28.25
11/28/2016,27.17
11/29/2016,27.49
11/30/2016,26.37
12/1/2016,26.54
12/2/2016,25.85
12/5/2016,27.18
12/6/2016,27.67
12/7/2016,30.03
12/8/2016,30.36
12/9/2016,30.55
12/12/2016,29.43
12/13/2016,30.41
12/14/2016,29.49
12/15/2016,29.19
12/16/2016,28.66
12/19/2016,28.97
12/20/2016,29.98
12/21/2016,29.87
12/22/2016,28.39
12/23/2016,28.12
12/26/2016,28.12
12/27/2016,28.6
12/28/2016,27.79
12/29/2016,27.63
12/30/2016,26.5
1/2/2017,26.5
1/3/2017,27.27
1/4/2017,29.01
1/5/2017,28.74
1/6/2017,29.09
1/9/2017,28.96
1/10/2017,29.57
1/11/2017,29.81
1/12/2017,29.7
1/13/2017,30.07
1/16/2017,30.07
1/17/2017,30.3
1/18/2017,30.11
1/19/2017,29.53
1/20/2017,29.88
1/23/2017,29.93
1/24/2017,31.08
1/25/2017,31.93
1/26/2017,32.09
1/27/2017,31.61
1/30/2017,31.46
1/31/2017,31.2
2/1/2017,30.92
2/2/2017,30.79
2/3/2017,30.73
2/6/2017,30.3
2/7/2017,30.13
2/8/2017,30.97
2/9/2017,31.93
2/10/2017,32.73
2/13/2017,32.82
2/14/2017,33.56
2/15/2017,34.23
2/16/2017,33.59
2/17/2017,34
2/20/2017,34
2/21/2017,34.84
2/22/2017,34.82
2/23/2017,33.81
2/24/2017,34.41
2/27/2017,34.64
2/28/2017,33.65
3/1/2017,35.03
3/2/2017,34.88
3/3/2017,34.56
3/6/2017,34.08
3/7/2017,33.63
3/8/2017,34.14
3/9/2017,33.99
3/10/2017,34.28
3/13/2017,34.49
3/14/2017,34.51
3/15/2017,35.32
3/16/2017,35.45
3/17/2017,35.59
3/20/2017,35.17
3/21/2017,33.44
3/22/2017,33.61
3/23/2017,33.91
3/24/2017,34.11
3/27/2017,34.14
3/28/2017,35.2
3/29/2017,36
3/30/2017,36.4
3/31/2017,36.45
4/3/2017,35.78
4/4/2017,35.47
4/5/2017,35.12
4/6/2017,35.71
4/7/2017,35.22
4/10/2017,35.7
4/11/2017,35.78
4/12/2017,35.14
4/13/2017,34.22
4/14/2017,34.22
4/17/2017,35.51
4/18/2017,35.62
4/19/2017,35.84
4/20/2017,37.26
4/21/2017,36.96
4/24/2017,37.84
4/25/2017,38.91
4/26/2017,39.67
4/27/2017,40.36
4/28/2017,39.63
5/1/2017,39.72
5/2/2017,39.99
5/3/2017,39.25
5/4/2017,39.08
5/5/2017,39.91
5/8/2017,40.16
5/9/2017,40.93
5/10/2017,40.67
5/11/2017,39.75
5/12/2017,39.36
5/15/2017,39.39
5/16/2017,38.9
5/17/2017,36.61
5/18/2017,37.35
5/19/2017,38.15
5/22/2017,38.89
5/23/2017,38.31
5/24/2017,38.82
5/25/2017,40
5/26/2017,40.45
5/29/2017,40.45
5/30/2017,40.49
5/31/2017,40.81
6/1/2017,42.2
6/2/2017,42.74
6/5/2017,42.24
6/6/2017,41.12
6/7/2017,41.47
6/8/2017,40.7
6/9/2017,40.23
6/12/2017,40.16
6/13/2017,41
6/14/2017,40.92
6/15/2017,40.27
6/16/2017,40.16
6/19/2017,41.28
6/20/2017,39.47
6/21/2017,39.56
6/22/2017,39.38
6/23/2017,39.36
6/26/2017,39.84
6/27/2017,38.84
6/28/2017,40.2
6/29/2017,38.92
6/30/2017,39.7
7/3/2017,39.53
7/4/2017,39.53
7/5/2017,39.11
7/6/2017,37.7
7/7/2017,38.85
7/10/2017,39
7/11/2017,38.75
7/12/2017,39.75
7/13/2017,39.96
7/14/2017,40.31
7/17/2017,40.68
7/18/2017,41.14
7/19/2017,41.93
7/20/2017,41.61
7/21/2017,41.74
7/24/2017,41.22
7/25/2017,42.3
7/26/2017,42.24
7/27/2017,43.16
7/28/2017,42.13
7/31/2017,41.98
8/1/2017,42.35
8/2/2017,41.88
8/3/2017,41.45
8/4/2017,41.59
8/7/2017,41.87
8/8/2017,41.8
8/9/2017,41.07
8/10/2017,38.88
8/11/2017,39.59
8/14/2017,40.58
8/15/2017,39.19
8/16/2017,39.81
8/17/2017,37.62
8/18/2017,36.94
8/21/2017,37.16
8/22/2017,38.57
8/23/2017,37.45
8/24/2017,37.17
8/25/2017,37.57
8/28/2017,37.68
8/29/2017,37.4
8/30/2017,38.36
8/31/2017,39.11
9/1/2017,39.81
9/4/2017,39.81
9/5/2017,39.2
9/6/2017,39.93
9/7/2017,38.88
9/8/2017,38.47
9/11/2017,39.25
9/12/2017,39.99
9/13/2017,40.97
9/14/2017,40.25
9/15/2017,40.06
9/18/2017,39.52
9/19/2017,39.46
9/20/2017,39.9
9/21/2017,39.57
9/22/2017,39.93
9/25/2017,39.75
9/26/2017,39.77
9/27/2017,40.64
9/28/2017,40.62
9/29/2017,41.13
10/2/2017,41.46
10/3/2017,41.99
10/4/2017,42.61
10/5/2017,43.37
10/6/2017,43.58
10/9/2017,42.98
10/10/2017,42.89
10/11/2017,42.9
10/12/2017,41.92
10/13/2017,42.46
10/16/2017,42.7
10/17/2017,42.77
10/18/2017,42.55
10/19/2017,42.58
10/20/2017,43.07
10/23/2017,42.12
10/24/2017,42.59
10/25/2017,42.01
10/26/2017,42.51
10/27/2017,44.55
10/30/2017,43.9
10/31/2017,43.88
11/1/2017,43.95
11/2/2017,42.82
11/3/2017,43.27
11/6/2017,44.23
11/7/2017,43.32
11/8/2017,43.47
11/9/2017,43.74
11/10/2017,44.25
11/13/2017,44.66
11/14/2017,44.92
11/15/2017,44.33
11/16/2017,45.59
11/17/2017,46.37
11/20/2017,46.66
11/21/2017,47.49
11/22/2017,47.63
11/23/2017,47.63
11/24/2017,47.92
11/27/2017,48.01
11/28/2017,49.83
11/29/2017,50.77
11/30/2017,51.45
12/1/2017,51.39
12/4/2017,53.15
12/5/2017,52.21
12/6/2017,51.21
12/7/2017,51.65
12/8/2017,52.39
12/11/2017,52.68
12/12/2017,52.6
12/13/2017,52.77
12/14/2017,52.97
12/15/2017,53.91
12/18/2017,55.31
12/19/2017,55.17
12/20/2017,54.94
12/21/2017,55.88
12/22/2017,55.57
12/25/2017,55.57
12/26/2017,55.98
12/27/2017,55.67
12/28/2017,56.05
12/29/2017,54.97
1/1/2018,54.97
1/2/2018,57.28
1/3/2018,58.11
1/4/2018,58.56
1/5/2018,59.85
1/8/2018,59.98
1/9/2018,60.15
1/10/2018,60.06
1/11/2018,62.74
1/12/2018,64.7
1/15/2018,64.7
1/16/2018,63.44
1/17/2018,64.21
1/18/2018,64.09
1/19/2018,65.64
1/22/2018,67.31
1/23/2018,68.66
1/24/2018,69.21
1/25/2018,68.93
1/26/2018,70.41
1/29/2018,69.89
1/30/2018,68.86
1/31/2018,68.2
2/1/2018,66.54
2/2/2018,64.79
2/5/2018,59.16
2/6/2018,63.05
2/7/2018,62.76
2/8/2018,56.38
2/9/2018,57.53
2/12/2018,59.58
2/13/2018,60.32
2/14/2018,62.94
2/15/2018,64.43
2/16/2018,63.77
2/19/2018,63.77
2/20/2018,63.11
2/21/2018,62.95
2/22/2018,63.08
2/23/2018,65.22
2/26/2018,66.59
2/27/2018,63.06
2/28/2018,62.19
3/1/2018,60.62
3/2/2018,60.97
3/5/2018,62.67
3/6/2018,63.94
3/7/2018,62.9
3/8/2018,63.26
3/9/2018,65.8
3/12/2018,66.21
3/13/2018,65.14
3/14/2018,64.78
3/15/2018,64.57
3/16/2018,64.66
3/19/2018,62.62
3/20/2018,63.45
3/21/2018,63.35
3/22/2018,59.89
3/23/2018,56.86
3/26/2018,61.32
3/27/2018,58.32
3/28/2018,56.62
3/29/2018,58.75
3/30/2018,58.75
4/2/2018,54.34
4/3/2018,56.28
4/4/2018,59.16
4/5/2018,61.35
4/6/2018,58
4/9/2018,57.61
4/10/2018,59.52
4/11/2018,59.02
4/12/2018,59.65
4/13/2018,58.73
4/16/2018,59.95
4/17/2018,62.72
4/18/2018,63.49
4/19/2018,62.78
4/20/2018,61.03
4/23/2018,61.39
4/24/2018,59
4/25/2018,59.66
4/26/2018,62.11
4/27/2018,62.88
4/30/2018,62.11
5/1/2018,62.38
5/2/2018,61.34
5/3/2018,60.62
5/4/2018,62.67
5/7/2018,63.23
5/8/2018,62.57
5/9/2018,63.08
5/10/2018,63.69
5/11/2018,64.04
5/14/2018,64.3
5/15/2018,63.42
5/16/2018,64.88
5/17/2018,64.49
5/18/2018,64.3
5/21/2018,65.24
5/22/2018,64.28
5/23/2018,65.42
5/24/2018,65.85
5/25/2018,66.16
5/28/2018,66.16
5/29/2018,64.91
5/30/2018,66.4
5/31/2018,65.48
6/1/2018,66.66
6/4/2018,68.62
6/5/2018,69.73
6/6/2018,71.46
6/7/2018,71.88
6/8/2018,72.42
6/11/2018,73.04
6/12/2018,73.97
6/13/2018,73.95
6/14/2018,75.54
6/15/2018,76.02
6/18/2018,75.76
6/19/2018,75.55
6/20/2018,76.45
6/21/2018,75.27
6/22/2018,74.96
6/25/2018,71.23
6/26/2018,72.4
6/27/2018,70.13
6/28/2018,71.34
6/29/2018,71.47
7/2/2018,71.82
7/3/2018,70.93
7/4/2018,70.93
7/5/2018,71.97
7/6/2018,73.35
7/9/2018,75.31
7/10/2018,75.58
7/11/2018,75.09
7/12/2018,76.13
7/13/2018,76.62
7/16/2018,76.86
7/17/2018,77.2
7/18/2018,77.17
7/19/2018,76.95
7/20/2018,75.97
7/23/2018,75.73
7/24/2018,75.03
7/25/2018,76.06
7/26/2018,75.29
7/27/2018,74.54
7/30/2018,73.31
7/31/2018,74.15
8/1/2018,73.32
8/2/2018,74.47
8/3/2018,75.07
8/6/2018,76.26
8/7/2018,77.05
8/8/2018,77.25
8/9/2018,77.98
8/10/2018,76.58
8/13/2018,75.65
8/14/2018,77.46
8/15/2018,75.32
8/16/2018,76.13
8/17/2018,76.4
8/20/2018,77.52
8/21/2018,79.18
8/22/2018,79.3
8/23/2018,79.01
8/24/2018,79.97
8/27/2018,81.08
8/28/2018,81.43
8/29/2018,83.27
8/30/2018,82.16
8/31/2018,82.94
9/3/2018,82.94
9/4/2018,83.32
9/5/2018,81.45
9/6/2018,80.77
9/7/2018,80.77
9/10/2018,81.38
9/11/2018,82.73
9/12/2018,83.1
9/13/2018,83.23
9/14/2018,82.84
9/17/2018,80.61
9/18/2018,82.78
9/19/2018,82.81
9/20/2018,83.97
9/21/2018,83.44
9/24/2018,82.32
9/25/2018,83.3
9/26/2018,83.64
9/27/2018,84.41
9/28/2018,84.18
10/1/2018,83.59
10/2/2018,80.88
10/3/2018,80.22
10/4/2018,77.38
10/5/2018,75.96
10/8/2018,76.07
10/9/2018,75.57
10/10/2018,69.24
10/11/2018,66.5
10/12/2018,69.8
10/15/2018,69.17
10/16/2018,72.9
10/17/2018,71.65
10/18/2018,68.03
10/19/2018,66.47
10/22/2018,67.26
10/23/2018,67.08
10/24/2018,61.62
10/25/2018,66.85
10/26/2018,61.52
10/29/2018,59.25
10/30/2018,61.54
10/31/2018,63.8
11/1/2018,67.54
11/2/2018,68.14
11/5/2018,67.85
11/6/2018,68.75
11/7/2018,73.52
11/8/2018,73.67
11/9/2018,70.94
11/12/2018,67.25
11/13/2018,67.24
11/14/2018,65.82
11/15/2018,65.81
11/16/2018,64.95
11/19/2018,60.72
11/20/2018,57.33
11/21/2018,59.08
11/22/2018,59.08
11/23/2018,58.48
11/26/2018,62.41
11/27/2018,62.58
11/28/2018,67.69
11/29/2018,66.99
11/30/2018,68.1
12/3/2018,71.67
12/4/2018,64.91
12/5/2018,64.91
12/6/2018,65.71
12/7/2018,60.66
12/10/2018,60.77
12/11/2018,60.72
12/12/2018,62.36
12/13/2018,61.41
12/14/2018,58.43
12/17/2018,54.16
12/18/2018,55.65
12/19/2018,52.31
12/20/2018,49.06
12/21/2018,45.18
12/24/2018,42.33
12/25/2018,42.33
12/26/2018,51.1
12/27/2018,51.44
12/28/2018,51.9
12/31/2018,53.46
