Date,(INDEX) S&P Composite 1500 / Consumer Staples - SEC - Total Return    
12/30/2013,0
12/31/2013,-0.03
1/1/2014,-0.03
1/2/2014,-1.12
1/3/2014,-1.27
1/6/2014,-1.68
1/7/2014,-1.12
1/8/2014,-1.81
1/9/2014,-1.41
1/10/2014,-1.24
1/13/2014,-1.89
1/14/2014,-1.31
1/15/2014,-1.27
1/16/2014,-1.25
1/17/2014,-2.04
1/20/2014,-2.04
1/21/2014,-1.68
1/22/2014,-1.67
1/23/2014,-2.56
1/24/2014,-3.5
1/27/2014,-3.79
1/28/2014,-3.12
1/29/2014,-4.89
1/30/2014,-4.65
1/31/2014,-5.06
2/3/2014,-7.21
2/4/2014,-6.67
2/5/2014,-6.62
2/6/2014,-5.46
2/7/2014,-4.6
2/10/2014,-4.16
2/11/2014,-3.11
2/12/2014,-3.55
2/13/2014,-3.08
2/14/2014,-2.53
2/17/2014,-2.53
2/18/2014,-3.09
2/19/2014,-3.4
2/20/2014,-2.84
2/21/2014,-3.04
2/24/2014,-2.68
2/25/2014,-2.35
2/26/2014,-2.51
2/27/2014,-2.08
2/28/2014,-1.43
3/3/2014,-1.93
3/4/2014,-0.55
3/5/2014,-0.78
3/6/2014,-0.82
3/7/2014,-0.65
3/10/2014,-0.54
3/11/2014,-0.56
3/12/2014,-0.34
3/13/2014,-0.92
3/14/2014,-0.84
3/17/2014,-0.14
3/18/2014,0.06
3/19/2014,-0.82
3/20/2014,-0.39
3/21/2014,-0.36
3/24/2014,-0.48
3/25/2014,0.12
3/26/2014,0.02
3/27/2014,-0.18
3/28/2014,0.21
3/31/2014,0.85
4/1/2014,0.79
4/2/2014,0.94
4/3/2014,1
4/4/2014,0.5
4/7/2014,0.75
4/8/2014,1.16
4/9/2014,1.63
4/10/2014,0.68
4/11/2014,0.15
4/14/2014,0.89
4/15/2014,1.19
4/16/2014,2.17
4/17/2014,2.29
4/18/2014,2.29
4/21/2014,2.33
4/22/2014,2.21
4/23/2014,2.15
4/24/2014,2.42
4/25/2014,2.55
4/28/2014,3.72
4/29/2014,3.29
4/30/2014,3.65
5/1/2014,3.49
5/2/2014,3.48
5/5/2014,3.38
5/6/2014,2.7
5/7/2014,3.75
5/8/2014,3.85
5/9/2014,4.35
5/12/2014,4.46
5/13/2014,4.67
5/14/2014,4.07
5/15/2014,3.16
5/16/2014,3.81
5/19/2014,3.58
5/20/2014,3.13
5/21/2014,3.8
5/22/2014,3.66
5/23/2014,3.82
5/26/2014,3.82
5/27/2014,4.18
5/28/2014,4.1
5/29/2014,5.03
5/30/2014,5.74
6/2/2014,5.48
6/3/2014,5.16
6/4/2014,5.58
6/5/2014,5.97
6/6/2014,6.25
6/9/2014,6.18
6/10/2014,6.21
6/11/2014,5.84
6/12/2014,5.11
6/13/2014,5.1
6/16/2014,5.47
6/17/2014,5.51
6/18/2014,6.71
6/19/2014,7.37
6/20/2014,7.01
6/23/2014,6.41
6/24/2014,5.98
6/25/2014,5.92
6/26/2014,5.53
6/27/2014,5.69
6/30/2014,5.69
7/1/2014,5.99
7/2/2014,6.2
7/3/2014,6.79
7/4/2014,6.79
7/7/2014,6.84
7/8/2014,6.66
7/9/2014,7.08
7/10/2014,6.97
7/11/2014,7.07
7/14/2014,7.48
7/15/2014,6.61
7/16/2014,6.6
7/17/2014,5.88
7/18/2014,6.92
7/21/2014,6.45
7/22/2014,6.27
7/23/2014,6.15
7/24/2014,6.55
7/25/2014,6.07
7/28/2014,5.53
7/29/2014,4.97
7/30/2014,3.94
7/31/2014,2.15
8/1/2014,2.94
8/4/2014,3.35
8/5/2014,2.87
8/6/2014,3.79
8/7/2014,3.02
8/8/2014,4
8/11/2014,4.82
8/12/2014,4.64
8/13/2014,4.94
8/14/2014,5.38
8/15/2014,5.49
8/18/2014,6.12
8/19/2014,6.38
8/20/2014,6.41
8/21/2014,6.52
8/22/2014,6.33
8/25/2014,6.89
8/26/2014,6.83
8/27/2014,6.92
8/28/2014,6.91
8/29/2014,7.05
9/1/2014,7.05
9/2/2014,7.01
9/3/2014,7.17
9/4/2014,7.39
9/5/2014,7.98
9/8/2014,7.34
9/9/2014,7.04
9/10/2014,7.51
9/11/2014,7.62
9/12/2014,6.9
9/15/2014,7.33
9/16/2014,8.13
9/17/2014,7.97
9/18/2014,8.22
9/19/2014,8.42
9/22/2014,8.22
9/23/2014,7.29
9/24/2014,8.6
9/25/2014,7.23
9/26/2014,7.65
9/29/2014,7.61
9/30/2014,7.63
10/1/2014,6.97
10/2/2014,7.12
10/3/2014,8.3
10/6/2014,8.36
10/7/2014,7.82
10/8/2014,9.36
10/9/2014,8.29
10/10/2014,8.76
10/13/2014,7.29
10/14/2014,7.27
10/15/2014,6.04
10/16/2014,5.29
10/17/2014,6.47
10/20/2014,8.02
10/21/2014,8.49
10/22/2014,8.69
10/23/2014,8.64
10/24/2014,9.51
10/27/2014,9.77
10/28/2014,10.27
10/29/2014,10.15
10/30/2014,10.76
10/31/2014,11.55
11/3/2014,11.92
11/4/2014,12.5
11/5/2014,13.29
11/6/2014,13.55
11/7/2014,13.83
11/10/2014,14.34
11/11/2014,14.13
11/12/2014,14.18
11/13/2014,14.71
11/14/2014,14.01
11/17/2014,14.69
11/18/2014,15.12
11/19/2014,15.61
11/20/2014,15.1
11/21/2014,15.62
11/24/2014,15.51
11/25/2014,15.66
11/26/2014,16.18
11/27/2014,16.18
11/28/2014,17.55
12/1/2014,16.84
12/2/2014,17.27
12/3/2014,16.52
12/4/2014,16.39
12/5/2014,16.57
12/8/2014,16.3
12/9/2014,15.96
12/10/2014,14.81
12/11/2014,15.75
12/12/2014,14.28
12/15/2014,13.52
12/16/2014,13.04
12/17/2014,14.7
12/18/2014,17.01
12/19/2014,16.79
12/22/2014,17.86
12/23/2014,18.75
12/24/2014,18.56
12/25/2014,18.56
12/26/2014,18.8
12/29/2014,18.41
12/30/2014,17.92
12/31/2014,16.48
1/1/2015,16.48
1/2/2015,16.05
1/5/2015,15.14
1/6/2015,15.08
1/7/2015,17.08
1/8/2015,18.86
1/9/2015,17.91
1/12/2015,17.48
1/13/2015,17.48
1/14/2015,17.17
1/15/2015,17.32
1/16/2015,18.26
1/19/2015,18.26
1/20/2015,18.71
1/21/2015,19.17
1/22/2015,20.49
1/23/2015,19.22
1/26/2015,19.27
1/27/2015,17.82
1/28/2015,16.47
1/29/2015,17.38
1/30/2015,15.15
2/2/2015,16.66
2/3/2015,17.67
2/4/2015,17.8
2/5/2015,18.29
2/6/2015,17.76
2/9/2015,16.93
2/10/2015,18.23
2/11/2015,18.87
2/12/2015,19.47
2/13/2015,18.94
2/16/2015,18.94
2/17/2015,18.94
2/18/2015,19.52
2/19/2015,18.8
2/20/2015,19.15
2/23/2015,19.48
2/24/2015,19.84
2/25/2015,19.51
2/26/2015,19.63
2/27/2015,20.08
3/2/2015,20.33
3/3/2015,19.81
3/4/2015,19.01
3/5/2015,19.39
3/6/2015,17.11
3/9/2015,17.66
3/10/2015,15.89
3/11/2015,15.07
3/12/2015,16.76
3/13/2015,15.9
3/16/2015,17.26
3/17/2015,16.48
3/18/2015,17.19
3/19/2015,16.69
3/20/2015,18.1
3/23/2015,18.42
3/24/2015,17.74
3/25/2015,17.46
3/26/2015,17
3/27/2015,17.72
3/30/2015,18.82
3/31/2015,17.83
4/1/2015,17.9
4/2/2015,18.66
4/3/2015,18.66
4/6/2015,19.62
4/7/2015,19.11
4/8/2015,19.25
4/9/2015,19.62
4/10/2015,19.79
4/13/2015,19.21
4/14/2015,19.51
4/15/2015,19.21
4/16/2015,19.62
4/17/2015,18.51
4/20/2015,18.98
4/21/2015,19.1
4/22/2015,19.23
4/23/2015,18.76
4/24/2015,18.72
4/27/2015,18.14
4/28/2015,18.18
4/29/2015,17.23
4/30/2015,16.77
5/1/2015,17.8
5/4/2015,18
5/5/2015,17.12
5/6/2015,17.39
5/7/2015,17.61
5/8/2015,18.71
5/11/2015,18.2
5/12/2015,17.99
5/13/2015,17.94
5/14/2015,19.76
5/15/2015,20.15
5/18/2015,19.88
5/19/2015,19.5
5/20/2015,19.24
5/21/2015,19.41
5/22/2015,18.9
5/25/2015,18.9
5/26/2015,18.05
5/27/2015,18.74
5/28/2015,18.62
5/29/2015,17.87
6/1/2015,17.87
6/2/2015,17.5
6/3/2015,17.47
6/4/2015,16.46
6/5/2015,15
6/8/2015,14.91
6/9/2015,15.43
6/10/2015,16.55
6/11/2015,16.56
6/12/2015,16.1
6/15/2015,15.25
6/16/2015,16.46
6/17/2015,17.09
6/18/2015,18.37
6/19/2015,18.34
6/22/2015,18.7
6/23/2015,18.3
6/24/2015,17.76
6/25/2015,17.53
6/26/2015,17.73
6/29/2015,15.9
6/30/2015,15.78
7/1/2015,17.15
7/2/2015,17.07
7/3/2015,17.07
7/6/2015,17.01
7/7/2015,19.28
7/8/2015,18.06
7/9/2015,18.1
7/10/2015,19.37
7/13/2015,20.55
7/14/2015,20.74
7/15/2015,20.32
7/16/2015,21.66
7/17/2015,21.54
7/20/2015,21.81
7/21/2015,21.38
7/22/2015,21.73
7/23/2015,21.2
7/24/2015,20.53
7/27/2015,20.42
7/28/2015,21.74
7/29/2015,22.17
7/30/2015,21.83
7/31/2015,21.95
8/3/2015,22.34
8/4/2015,22.32
8/5/2015,23.4
8/6/2015,22.5
8/7/2015,21.75
8/10/2015,22.34
8/11/2015,21.86
8/12/2015,21.94
8/13/2015,21.51
8/14/2015,21.92
8/17/2015,22.05
8/18/2015,21.4
8/19/2015,20.15
8/20/2015,19.13
8/21/2015,16.06
8/24/2015,12.19
8/25/2015,10.94
8/26/2015,14.3
8/27/2015,15.98
8/28/2015,15.78
8/31/2015,14.96
9/1/2015,12.51
9/2/2015,14.08
9/3/2015,14.87
9/4/2015,13.04
9/7/2015,13.04
9/8/2015,15.44
9/9/2015,13.44
9/10/2015,13.68
9/11/2015,14.34
9/14/2015,13.94
9/15/2015,15.34
9/16/2015,16.63
9/17/2015,16.7
9/18/2015,15.28
9/21/2015,16.25
9/22/2015,14.92
9/23/2015,15.13
9/24/2015,15.23
9/25/2015,16.05
9/28/2015,14.24
9/29/2015,14.16
9/30/2015,15.27
10/1/2015,15.23
10/2/2015,16.77
10/5/2015,18.79
10/6/2015,18.08
10/7/2015,19.11
10/8/2015,20.49
10/9/2015,20.87
10/12/2015,21.14
10/13/2015,20.35
10/14/2015,18.98
10/15/2015,20.12
10/16/2015,21.32
10/19/2015,21.74
10/20/2015,21.65
10/21/2015,21.62
10/22/2015,24.02
10/23/2015,23.92
10/26/2015,23.7
10/27/2015,23.72
10/28/2015,23.24
10/29/2015,23.25
10/30/2015,21.93
11/2/2015,22.59
11/3/2015,21.96
11/4/2015,21.41
11/5/2015,21.41
11/6/2015,20.11
11/9/2015,19.31
11/10/2015,19.64
11/11/2015,19.49
11/12/2015,17.78
11/13/2015,16.78
11/16/2015,18.68
11/17/2015,18.53
11/18/2015,20.2
11/19/2015,20.55
11/20/2015,19.75
11/23/2015,20.68
11/24/2015,20.98
11/25/2015,21.35
11/26/2015,21.35
11/27/2015,21.76
11/30/2015,20.55
12/1/2015,21.49
12/2/2015,20.81
12/3/2015,20.13
12/4/2015,22.82
12/7/2015,23.15
12/8/2015,22.75
12/9/2015,21.62
12/10/2015,21.68
12/11/2015,20.37
12/14/2015,21.41
12/15/2015,22.24
12/16/2015,24.65
12/17/2015,23.09
12/18/2015,20.89
12/21/2015,22.18
12/22/2015,23.75
12/23/2015,24.81
12/24/2015,24.6
12/25/2015,24.6
12/28/2015,24.41
12/29/2015,25.49
12/30/2015,25.03
12/31/2015,23.64
1/1/2016,23.64
1/4/2016,22.03
1/5/2016,22.85
1/6/2016,22.42
1/7/2016,20.86
1/8/2016,19.92
1/11/2016,21.01
1/12/2016,21.6
1/13/2016,19.44
1/14/2016,20.02
1/15/2016,18.13
1/18/2016,18.13
1/19/2016,19.49
1/20/2016,17.93
1/21/2016,18.46
1/22/2016,20.39
1/25/2016,19.4
1/26/2016,20.54
1/27/2016,20.38
1/28/2016,21.6
1/29/2016,24.25
2/1/2016,24.52
2/2/2016,22.91
2/3/2016,22.74
2/4/2016,21.65
2/5/2016,21.46
2/8/2016,21.14
2/9/2016,21.85
2/10/2016,21.72
2/11/2016,20.66
2/12/2016,22.42
2/15/2016,22.42
2/16/2016,23.39
2/17/2016,24.65
2/18/2016,24.15
2/19/2016,24.38
2/22/2016,24.93
2/23/2016,24.89
2/24/2016,25.28
2/25/2016,26.8
2/26/2016,25.05
2/29/2016,24.54
3/1/2016,25.8
3/2/2016,26.13
3/3/2016,26.81
3/4/2016,27.41
3/7/2016,26.69
3/8/2016,27.04
3/9/2016,27.99
3/10/2016,27.98
3/11/2016,28.45
3/14/2016,28.36
3/15/2016,28.55
3/16/2016,28.86
3/17/2016,29.79
3/18/2016,29.59
3/21/2016,29.66
3/22/2016,28.76
3/23/2016,28.75
3/24/2016,28.67
3/25/2016,28.67
3/28/2016,29.25
3/29/2016,30.26
3/30/2016,30.94
3/31/2016,30.52
4/1/2016,32.15
4/4/2016,31.91
4/5/2016,31
4/6/2016,32.04
4/7/2016,30.76
4/8/2016,31.42
4/11/2016,30.47
4/12/2016,31.3
4/13/2016,30.37
4/14/2016,29.81
4/15/2016,30.6
4/18/2016,31.04
4/19/2016,31.24
4/20/2016,29.57
4/21/2016,27.42
4/22/2016,27.93
4/25/2016,28.85
4/26/2016,28.5
4/27/2016,29.07
4/28/2016,29.11
4/29/2016,28.98
5/2/2016,30.31
5/3/2016,30.07
5/4/2016,30.47
5/5/2016,30.55
5/6/2016,31.19
5/9/2016,31.95
5/10/2016,33.25
5/11/2016,32.19
5/12/2016,32.91
5/13/2016,31.27
5/16/2016,31.97
5/17/2016,29.47
5/18/2016,28.17
5/19/2016,29.18
5/20/2016,28.67
5/23/2016,28.69
5/24/2016,29.86
5/25/2016,30.1
5/26/2016,30.54
5/27/2016,30.72
5/30/2016,30.72
5/31/2016,30.09
6/1/2016,31.14
6/2/2016,31.38
6/3/2016,32.15
6/6/2016,32.21
6/7/2016,32.17
6/8/2016,32.94
6/9/2016,33.45
6/10/2016,33.5
6/13/2016,32.46
6/14/2016,32.82
6/15/2016,32.45
6/16/2016,33.29
6/17/2016,32.7
6/20/2016,33.04
6/21/2016,33.58
6/22/2016,33.53
6/23/2016,34.45
6/24/2016,31.81
6/27/2016,31.48
6/28/2016,32.31
6/29/2016,33.87
6/30/2016,36.87
7/1/2016,36.47
7/4/2016,36.47
7/5/2016,37.1
7/6/2016,37.15
7/7/2016,37.16
7/8/2016,38.58
7/11/2016,38.65
7/12/2016,37.89
7/13/2016,38.57
7/14/2016,38.66
7/15/2016,38.64
7/18/2016,38.43
7/19/2016,38.23
7/20/2016,37.84
7/21/2016,37.41
7/22/2016,38.06
7/25/2016,37.89
7/26/2016,36.86
7/27/2016,34.9
7/28/2016,35.53
7/29/2016,36.18
8/1/2016,36.34
8/2/2016,36.13
8/3/2016,35.48
8/4/2016,35.68
8/5/2016,36.02
8/8/2016,35.8
8/9/2016,36.13
8/10/2016,36.66
8/11/2016,36.55
8/12/2016,36.98
8/15/2016,36.8
8/16/2016,36.02
8/17/2016,36.46
8/18/2016,36.88
8/19/2016,36.57
8/22/2016,36.67
8/23/2016,36.44
8/24/2016,36.23
8/25/2016,35.69
8/26/2016,35.06
8/29/2016,35.81
8/30/2016,35.15
8/31/2016,35.38
9/1/2016,35.42
9/2/2016,36.36
9/5/2016,36.36
9/6/2016,36.69
9/7/2016,35.45
9/8/2016,34.82
9/9/2016,31.07
9/12/2016,33.48
9/13/2016,31.82
9/14/2016,31.42
9/15/2016,32.47
9/16/2016,32.05
9/19/2016,31.89
9/20/2016,32.14
9/21/2016,32.9
9/22/2016,34.09
9/23/2016,33.4
9/26/2016,32.28
9/27/2016,32.9
9/28/2016,33.09
9/29/2016,31.95
9/30/2016,33.25
10/3/2016,32.48
10/4/2016,31.31
10/5/2016,31.16
10/6/2016,31.33
10/7/2016,31.06
10/10/2016,31.14
10/11/2016,30.36
10/12/2016,31.03
10/13/2016,31.02
10/14/2016,31.12
10/17/2016,30.6
10/18/2016,31.03
10/19/2016,30.31
10/20/2016,30.12
10/21/2016,30.74
10/24/2016,31.69
10/25/2016,32.07
10/26/2016,32.02
10/27/2016,31.34
10/28/2016,31.96
10/31/2016,32.21
11/1/2016,31.6
11/2/2016,31.36
11/3/2016,30.41
11/4/2016,29.16
11/7/2016,31.41
11/8/2016,32.01
11/9/2016,30.34
11/10/2016,26.77
11/11/2016,26.6
11/14/2016,26.36
11/15/2016,27.25
11/16/2016,27.27
11/17/2016,27.09
11/18/2016,26.64
11/21/2016,27.51
11/22/2016,28.14
11/23/2016,27.44
11/24/2016,27.44
11/25/2016,28.42
11/28/2016,28.61
11/29/2016,28.76
11/30/2016,26.78
12/1/2016,25.9
12/2/2016,26.78
12/5/2016,26.96
12/6/2016,27.39
12/7/2016,29.31
12/8/2016,28.82
12/9/2016,30.56
12/12/2016,31.13
12/13/2016,31.69
12/14/2016,30.32
12/15/2016,30.97
12/16/2016,31.62
12/19/2016,31.83
12/20/2016,31.67
12/21/2016,31.68
12/22/2016,31.49
12/23/2016,31.68
12/26/2016,31.68
12/27/2016,31.73
12/28/2016,30.94
12/29/2016,31.46
12/30/2016,30.86
1/2/2017,30.86
1/3/2017,31.26
1/4/2017,31.42
1/5/2017,31.7
1/6/2017,31.75
1/9/2017,30.86
1/10/2017,30.09
1/11/2017,30.4
1/12/2017,30.31
1/13/2017,30.3
1/16/2017,30.3
1/17/2017,31.99
1/18/2017,32.47
1/19/2017,31.96
1/20/2017,32.87
1/23/2017,32.71
1/24/2017,33.74
1/25/2017,33.77
1/26/2017,33.18
1/27/2017,32.35
1/30/2017,32.43
1/31/2017,32.9
2/1/2017,32.16
2/2/2017,33.13
2/3/2017,33.84
2/6/2017,33.25
2/7/2017,34.33
2/8/2017,34.88
2/9/2017,35.48
2/10/2017,35.42
2/13/2017,35.46
2/14/2017,35.55
2/15/2017,36.65
2/16/2017,36.7
2/17/2017,37.57
2/20/2017,37.57
2/21/2017,38.93
2/22/2017,38.74
2/23/2017,39.03
2/24/2017,39.59
2/27/2017,38.85
2/28/2017,39.11
3/1/2017,39.8
3/2/2017,39.75
3/3/2017,39.23
3/6/2017,38.62
3/7/2017,38.43
3/8/2017,38.14
3/9/2017,38.44
3/10/2017,39.06
3/13/2017,39.06
3/14/2017,38.84
3/15/2017,39.92
3/16/2017,40
3/17/2017,39.84
3/20/2017,39.98
3/21/2017,39.82
3/22/2017,39.65
3/23/2017,39.33
3/24/2017,38.97
3/27/2017,38.91
3/28/2017,39.32
3/29/2017,39.55
3/30/2017,39.18
3/31/2017,38.89
4/3/2017,38.66
4/4/2017,38.99
4/5/2017,38.76
4/6/2017,38.74
4/7/2017,39.06
4/10/2017,39.45
4/11/2017,39.55
4/12/2017,40.13
4/13/2017,39.38
4/14/2017,39.38
4/17/2017,40.37
4/18/2017,41.06
4/19/2017,40.47
4/20/2017,40.16
4/21/2017,39.82
4/24/2017,41.14
4/25/2017,41.64
4/26/2017,40.54
4/27/2017,40.34
4/28/2017,40.3
5/1/2017,39.58
5/2/2017,38.8
5/3/2017,38.95
5/4/2017,39.92
5/5/2017,40.27
5/8/2017,40.24
5/9/2017,39.66
5/10/2017,39.85
5/11/2017,39.97
5/12/2017,39.64
5/15/2017,40.18
5/16/2017,39.96
5/17/2017,39.71
5/18/2017,39.76
5/19/2017,40.51
5/22/2017,41.39
5/23/2017,41.48
5/24/2017,42.15
5/25/2017,43.1
5/26/2017,43.56
5/29/2017,43.56
5/30/2017,43.5
5/31/2017,43.92
6/1/2017,45.03
6/2/2017,45.52
6/5/2017,45.63
6/6/2017,45.21
6/7/2017,45.16
6/8/2017,44.08
6/9/2017,44.04
6/12/2017,43.98
6/13/2017,44.25
6/14/2017,45.09
6/15/2017,44.8
6/16/2017,43.27
6/19/2017,44
6/20/2017,43.41
6/21/2017,42.97
6/22/2017,42.06
6/23/2017,42.15
6/26/2017,42.72
6/27/2017,41.44
6/28/2017,42.07
6/29/2017,40.43
6/30/2017,40.76
7/3/2017,40.61
7/4/2017,40.61
7/5/2017,40.47
7/6/2017,39.72
7/7/2017,39.68
7/10/2017,38.69
7/11/2017,38.32
7/12/2017,39.09
7/13/2017,39.12
7/14/2017,40.17
7/17/2017,40.3
7/18/2017,40.33
7/19/2017,40.93
7/20/2017,40.92
7/21/2017,41.29
7/24/2017,40.78
7/25/2017,41.85
7/26/2017,41.84
7/27/2017,43.07
7/28/2017,41.8
7/31/2017,41.69
8/1/2017,41.53
8/2/2017,41.41
8/3/2017,41.13
8/4/2017,40.86
8/7/2017,41.88
8/8/2017,41.33
8/9/2017,41.55
8/10/2017,40.89
8/11/2017,41.01
8/14/2017,41.79
8/15/2017,42.39
8/16/2017,42.9
8/17/2017,41.57
8/18/2017,41.09
8/21/2017,41.69
8/22/2017,41.78
8/23/2017,41.32
8/24/2017,39.39
8/25/2017,39.75
8/28/2017,39.45
8/29/2017,39.82
8/30/2017,39.91
8/31/2017,40.01
9/1/2017,40.61
9/4/2017,40.61
9/5/2017,40.83
9/6/2017,41.34
9/7/2017,41.62
9/8/2017,40.73
9/11/2017,41.67
9/12/2017,41.89
9/13/2017,42
9/14/2017,41.69
9/15/2017,42.06
9/18/2017,42.14
9/19/2017,41.75
9/20/2017,40.54
9/21/2017,39.18
9/22/2017,38.88
9/25/2017,39.8
9/26/2017,40.09
9/27/2017,39.12
9/28/2017,39.18
9/29/2017,39.06
10/2/2017,38.83
10/3/2017,38.95
10/4/2017,39.46
10/5/2017,40.03
10/6/2017,38.74
10/9/2017,38.34
10/10/2017,39.68
10/11/2017,40
10/12/2017,40.6
10/13/2017,40.8
10/16/2017,40.84
10/17/2017,40.3
10/18/2017,40.14
10/19/2017,39.41
10/20/2017,39.17
10/23/2017,39.05
10/24/2017,38.61
10/25/2017,38.22
10/26/2017,38.4
10/27/2017,37.29
10/30/2017,36.01
10/31/2017,37.17
11/1/2017,37.59
11/2/2017,37.16
11/3/2017,37.21
11/6/2017,35.79
11/7/2017,37.17
11/8/2017,38.63
11/9/2017,38.55
11/10/2017,39.91
11/13/2017,40.73
11/14/2017,41.19
11/15/2017,39.73
11/16/2017,41.98
11/17/2017,41.46
11/20/2017,41.41
11/21/2017,41.81
11/22/2017,41.6
11/23/2017,41.6
11/24/2017,41.56
11/27/2017,41.65
11/28/2017,42.79
11/29/2017,43.6
11/30/2017,44.86
12/1/2017,45.23
12/4/2017,46.58
12/5/2017,46.29
12/6/2017,47.09
12/7/2017,45.85
12/8/2017,46.19
12/11/2017,46.19
12/12/2017,46.09
12/13/2017,46.84
12/14/2017,46.25
12/15/2017,47.88
12/18/2017,47.86
12/19/2017,48.07
12/20/2017,47.8
12/21/2017,47.71
12/22/2017,47.97
12/25/2017,47.97
12/26/2017,48.33
12/27/2017,48.3
12/28/2017,48.07
12/29/2017,48
1/1/2018,48
1/2/2018,47.22
1/3/2018,47.13
1/4/2018,47.53
1/5/2018,48.16
1/8/2018,48.53
1/9/2018,48.21
1/10/2018,47.51
1/11/2018,47.44
1/12/2018,47.4
1/15/2018,47.4
1/16/2018,48
1/17/2018,49.68
1/18/2018,49.31
1/19/2018,50.95
1/22/2018,52.02
1/23/2018,51.65
1/24/2018,51.78
1/25/2018,51.8
1/26/2018,52.71
1/29/2018,51.91
1/30/2018,50.86
1/31/2018,50.27
2/1/2018,49.57
2/2/2018,46.9
2/5/2018,41.46
2/6/2018,42.9
2/7/2018,42.35
2/8/2018,39.25
2/9/2018,39.55
2/12/2018,40.99
2/13/2018,41.57
2/14/2018,41.56
2/15/2018,43.79
2/16/2018,44.39
2/19/2018,44.39
2/20/2018,41.2
2/21/2018,39.48
2/22/2018,39.72
2/23/2018,41.15
2/26/2018,42.09
2/27/2018,40.18
2/28/2018,38.72
3/1/2018,38.33
3/2/2018,39.54
3/5/2018,40.85
3/6/2018,41.04
3/7/2018,39.78
3/8/2018,41.09
3/9/2018,41.99
3/12/2018,41.73
3/13/2018,41.68
3/14/2018,40.15
3/15/2018,39.19
3/16/2018,39.24
3/19/2018,37.89
3/20/2018,37.41
3/21/2018,35.76
3/22/2018,34.64
3/23/2018,32.99
3/26/2018,34.8
3/27/2018,34.87
3/28/2018,36.71
3/29/2018,37.67
3/30/2018,37.67
4/2/2018,34.32
4/3/2018,36.18
4/4/2018,38.24
4/5/2018,38.68
4/6/2018,37.35
4/9/2018,37.14
4/10/2018,37.65
4/11/2018,37.38
4/12/2018,37.11
4/13/2018,37.73
4/16/2018,39.22
4/17/2018,39.57
4/18/2018,38.4
4/19/2018,34.34
4/20/2018,32.15
4/23/2018,31.93
4/24/2018,31.15
4/25/2018,31.37
4/26/2018,32.06
4/27/2018,32.8
4/30/2018,31.99
5/1/2018,30.86
5/2/2018,28.37
5/3/2018,28.26
5/4/2018,30.08
5/7/2018,29.33
5/8/2018,28.76
5/9/2018,28.98
5/10/2018,29.83
5/11/2018,29.71
5/14/2018,29.66
5/15/2018,29.14
5/16/2018,30.15
5/17/2018,30.55
5/18/2018,29.71
5/21/2018,30.29
5/22/2018,29.94
5/23/2018,30.57
5/24/2018,30.44
5/25/2018,30.62
5/28/2018,30.62
5/29/2018,30.41
5/30/2018,32.15
5/31/2018,30.14
6/1/2018,30.13
6/4/2018,31.21
6/5/2018,30.64
6/6/2018,30.79
6/7/2018,31.56
6/8/2018,33.26
6/11/2018,34.28
6/12/2018,34.55
6/13/2018,34.08
6/14/2018,34.36
6/15/2018,36.07
6/18/2018,34.16
6/19/2018,34.89
6/20/2018,35.09
6/21/2018,35.28
6/22/2018,36.38
6/25/2018,36.97
6/26/2018,36.42
6/27/2018,36.02
6/28/2018,36.29
6/29/2018,36.07
7/2/2018,35.36
7/3/2018,35.64
7/4/2018,35.64
7/5/2018,37.67
7/6/2018,38.12
7/9/2018,37.48
7/10/2018,39.1
7/11/2018,38.61
7/12/2018,38.49
7/13/2018,39.27
7/16/2018,38.53
7/17/2018,39.63
7/18/2018,38.7
7/19/2018,38.72
7/20/2018,39.5
7/23/2018,38.76
7/24/2018,38.93
7/25/2018,39.83
7/26/2018,40.58
7/27/2018,40.72
7/30/2018,40.63
7/31/2018,41.26
8/1/2018,39.98
8/2/2018,41.55
8/3/2018,43.34
8/6/2018,43.44
8/7/2018,42.64
8/8/2018,41.56
8/9/2018,41.14
8/10/2018,40.68
8/13/2018,40.57
8/14/2018,41.52
8/15/2018,42.08
8/16/2018,44.22
8/17/2018,45.21
8/20/2018,45.2
8/21/2018,44.11
8/22/2018,43.29
8/23/2018,43.01
8/24/2018,42.81
8/27/2018,42.9
8/28/2018,42.4
8/29/2018,42.53
8/30/2018,42.16
8/31/2018,42.26
9/3/2018,42.26
9/4/2018,41.95
9/5/2018,43.57
9/6/2018,44
9/7/2018,43.75
9/10/2018,44.25
9/11/2018,43.74
9/12/2018,45.52
9/13/2018,45.23
9/14/2018,44.93
9/17/2018,45.35
9/18/2018,44.72
9/19/2018,44.43
9/20/2018,46.1
9/21/2018,46.44
9/24/2018,44.3
9/25/2018,43.39
9/26/2018,43.46
9/27/2018,43.19
9/28/2018,43.52
10/1/2018,43.34
10/2/2018,44.23
10/3/2018,42.75
10/4/2018,42.44
10/5/2018,42.24
10/8/2018,44.11
10/9/2018,43.8
10/10/2018,41.93
10/11/2018,38.71
10/12/2018,39.45
10/15/2018,40.31
10/16/2018,41.87
10/17/2018,42.53
10/18/2018,42.31
10/19/2018,45.51
10/22/2018,44.45
10/23/2018,44.94
10/24/2018,45.59
10/25/2018,45.91
10/26/2018,43.45
10/29/2018,44.99
10/30/2018,47.88
10/31/2018,46.62
11/1/2018,47.32
11/2/2018,46.91
11/5/2018,48.69
11/6/2018,49.55
11/7/2018,50.33
11/8/2018,50.34
11/9/2018,51.1
11/12/2018,50.16
11/13/2018,49.59
11/14/2018,48.69
11/15/2018,48.25
11/16/2018,48.61
11/19/2018,48.29
11/20/2018,45.86
11/21/2018,44.73
11/22/2018,44.73
11/23/2018,45.19
11/26/2018,45.23
11/27/2018,46.47
11/28/2018,47.87
11/29/2018,48.07
11/30/2018,49.24
12/3/2018,49.15
12/4/2018,46.66
12/5/2018,46.66
12/6/2018,46.69
12/7/2018,44.78
12/10/2018,44.77
12/11/2018,46.01
12/12/2018,45.85
12/13/2018,46.82
12/14/2018,44.04
12/17/2018,40.71
12/18/2018,39.13
12/19/2018,37.81
12/20/2018,35.45
12/21/2018,33.92
12/24/2018,30.09
12/25/2018,30.09
12/26/2018,33.82
12/27/2018,35.16
12/28/2018,35.1
12/31/2018,35.67
