Date,(INDEX) S&P Composite 1500 / Financials - SEC - Total Return    
12/30/2013,0
12/31/2013,0.34
1/1/2014,0.34
1/2/2014,-0.23
1/3/2014,0.39
1/6/2014,0.46
1/7/2014,0.61
1/8/2014,0.86
1/9/2014,1.17
1/10/2014,1.11
1/13/2014,-0.31
1/14/2014,0.48
1/15/2014,1.58
1/16/2014,1.03
1/17/2014,0.71
1/20/2014,0.71
1/21/2014,0.92
1/22/2014,1.11
1/23/2014,-0.45
1/24/2014,-2.68
1/27/2014,-3.33
1/28/2014,-2.19
1/29/2014,-3.23
1/30/2014,-1.94
1/31/2014,-2.97
2/3/2014,-5.49
2/4/2014,-4.52
2/5/2014,-4.63
2/6/2014,-3.31
2/7/2014,-2.17
2/10/2014,-1.99
2/11/2014,-1.03
2/12/2014,-1.02
2/13/2014,-0.61
2/14/2014,-0.44
2/17/2014,-0.44
2/18/2014,-0.2
2/19/2014,-1.46
2/20/2014,-1.2
2/21/2014,-1.12
2/24/2014,-0.34
2/25/2014,-0.88
2/26/2014,-0.9
2/27/2014,-0.4
2/28/2014,0.16
3/3/2014,-0.67
3/4/2014,1.3
3/5/2014,1.89
3/6/2014,2.5
3/7/2014,2.93
3/10/2014,2.94
3/11/2014,2.28
3/12/2014,2.23
3/13/2014,1.11
3/14/2014,0.67
3/17/2014,1.64
3/18/2014,2.14
3/19/2014,1.85
3/20/2014,3.41
3/21/2014,3.43
3/24/2014,3.16
3/25/2014,3.2
3/26/2014,2.18
3/27/2014,1.64
3/28/2014,2.05
3/31/2014,3.11
4/1/2014,3.59
4/2/2014,3.75
4/3/2014,3.61
4/4/2014,2.39
4/7/2014,0.98
4/8/2014,1.15
4/9/2014,1.89
4/10/2014,-0.42
4/11/2014,-1.52
4/14/2014,-0.79
4/15/2014,0.06
4/16/2014,0.93
4/17/2014,1.04
4/18/2014,1.04
4/21/2014,1.01
4/22/2014,1.69
4/23/2014,1.88
4/24/2014,1.76
4/25/2014,0.86
4/28/2014,0.38
4/29/2014,1.21
4/30/2014,1.48
5/1/2014,1.56
5/2/2014,1.61
5/5/2014,1.21
5/6/2014,-0.14
5/7/2014,1.18
5/8/2014,1.37
5/9/2014,1.32
5/12/2014,2.41
5/13/2014,2.17
5/14/2014,1.35
5/15/2014,0.28
5/16/2014,0.43
5/19/2014,1
5/20/2014,0.3
5/21/2014,1.02
5/22/2014,1.39
5/23/2014,1.71
5/26/2014,1.71
5/27/2014,2.69
5/28/2014,2.41
5/29/2014,2.64
5/30/2014,2.81
6/2/2014,3.16
6/3/2014,3.25
6/4/2014,3.64
6/5/2014,4.72
6/6/2014,5.41
6/9/2014,5.74
6/10/2014,5.62
6/11/2014,4.95
6/12/2014,4.4
6/13/2014,4.42
6/16/2014,3.97
6/17/2014,4.97
6/18/2014,5.63
6/19/2014,5.49
6/20/2014,5.83
6/23/2014,6.03
6/24/2014,5.33
6/25/2014,5.49
6/26/2014,5.19
6/27/2014,5.49
6/30/2014,5.53
7/1/2014,6.23
7/2/2014,6.09
7/3/2014,6.86
7/4/2014,6.86
7/7/2014,6.32
7/8/2014,5.47
7/9/2014,5.73
7/10/2014,5.11
7/11/2014,5.22
7/14/2014,5.81
7/15/2014,6.43
7/16/2014,6.26
7/17/2014,4.95
7/18/2014,6.07
7/21/2014,5.8
7/22/2014,6.12
7/23/2014,6.33
7/24/2014,6.62
7/25/2014,6
7/28/2014,6.02
7/29/2014,5.41
7/30/2014,5.84
7/31/2014,3.74
8/1/2014,2.89
8/4/2014,3.65
8/5/2014,2.7
8/6/2014,3.15
8/7/2014,2.67
8/8/2014,3.62
8/11/2014,3.84
8/12/2014,3.93
8/13/2014,4.57
8/14/2014,5.06
8/15/2014,4.64
8/18/2014,5.81
8/19/2014,5.98
8/20/2014,6.26
8/21/2014,7.34
8/22/2014,6.97
8/25/2014,7.74
8/26/2014,8.06
8/27/2014,7.9
8/28/2014,7.46
8/29/2014,8.01
9/1/2014,8.01
9/2/2014,8.43
9/3/2014,8.31
9/4/2014,8.27
9/5/2014,8.49
9/8/2014,8.51
9/9/2014,7.47
9/10/2014,7.86
9/11/2014,8.21
9/12/2014,7.89
9/15/2014,7.84
9/16/2014,8.19
9/17/2014,8.65
9/18/2014,9.68
9/19/2014,9.25
9/22/2014,8.44
9/23/2014,7.64
9/24/2014,8.23
9/25/2014,6.55
9/26/2014,7.61
9/29/2014,7.2
9/30/2014,6.94
10/1/2014,5.79
10/2/2014,6.07
10/3/2014,7.48
10/6/2014,7.31
10/7/2014,5.43
10/8/2014,7.37
10/9/2014,5.26
10/10/2014,4.48
10/13/2014,3.72
10/14/2014,4.33
10/15/2014,2.42
10/16/2014,2.51
10/17/2014,3.67
10/20/2014,4.38
10/21/2014,6.31
10/22/2014,5.44
10/23/2014,6.44
10/24/2014,7.27
10/27/2014,7.49
10/28/2014,8.75
10/29/2014,9
10/30/2014,9.54
10/31/2014,10.89
11/3/2014,11.25
11/4/2014,11.37
11/5/2014,12.07
11/6/2014,12.14
11/7/2014,12.22
11/10/2014,12.79
11/11/2014,12.51
11/12/2014,12.3
11/13/2014,12.21
11/14/2014,11.77
11/17/2014,11.75
11/18/2014,12.01
11/19/2014,11.72
11/20/2014,11.85
11/21/2014,12.37
11/24/2014,13.09
11/25/2014,12.93
11/26/2014,13.2
11/27/2014,13.2
11/28/2014,13.14
12/1/2014,12.27
12/2/2014,13.35
12/3/2014,13.86
12/4/2014,13.98
12/5/2014,15.04
12/8/2014,15.46
12/9/2014,15.31
12/10/2014,13.71
12/11/2014,14.12
12/12/2014,11.91
12/15/2014,10.96
12/16/2014,10.02
12/17/2014,12.53
12/18/2014,15.08
12/19/2014,15.12
12/22/2014,15.86
12/23/2014,16.5
12/24/2014,16.31
12/25/2014,16.31
12/26/2014,16.35
12/29/2014,16.84
12/30/2014,16.71
12/31/2014,15.27
1/1/2015,15.27
1/2/2015,15.38
1/5/2015,13.17
1/6/2015,11.58
1/7/2015,12.84
1/8/2015,14.44
1/9/2015,12.95
1/12/2015,12.13
1/13/2015,11.82
1/14/2015,10.42
1/15/2015,9.13
1/16/2015,10.47
1/19/2015,10.47
1/20/2015,9.95
1/21/2015,10.12
1/22/2015,12.87
1/23/2015,11.78
1/26/2015,12.43
1/27/2015,11.3
1/28/2015,9.23
1/29/2015,10.22
1/30/2015,8.41
2/2/2015,10.06
2/3/2015,11.91
2/4/2015,11.63
2/5/2015,12.84
2/6/2015,13.41
2/9/2015,12.85
2/10/2015,13.59
2/11/2015,13.53
2/12/2015,14.78
2/13/2015,14.67
2/16/2015,14.67
2/17/2015,15.06
2/18/2015,14.42
2/19/2015,13.84
2/20/2015,14.77
2/23/2015,14.45
2/24/2015,14.85
2/25/2015,14.88
2/26/2015,14.55
2/27/2015,14.11
3/2/2015,15.03
3/3/2015,14.71
3/4/2015,13.88
3/5/2015,14.36
3/6/2015,13.41
3/9/2015,13.97
3/10/2015,11.75
3/11/2015,12.5
3/12/2015,14.93
3/13/2015,14.2
3/16/2015,15.48
3/17/2015,15.32
3/18/2015,15.97
3/19/2015,14.96
3/20/2015,16.54
3/23/2015,16.08
3/24/2015,15.1
3/25/2015,13.36
3/26/2015,13.18
3/27/2015,13.12
3/30/2015,14.69
3/31/2015,13.94
4/1/2015,13.79
4/2/2015,14.45
4/3/2015,14.45
4/6/2015,14.6
4/7/2015,13.99
4/8/2015,14.39
4/9/2015,14.35
4/10/2015,14.37
4/13/2015,14.7
4/14/2015,14.74
4/15/2015,15.18
4/16/2015,15.3
4/17/2015,13.77
4/20/2015,14.37
4/21/2015,13.85
4/22/2015,14.6
4/23/2015,14.74
4/24/2015,14.47
4/27/2015,14.06
4/28/2015,14.78
4/29/2015,14.67
4/30/2015,13.7
5/1/2015,14.5
5/4/2015,15.54
5/5/2015,14.5
5/6/2015,14.03
5/7/2015,14.79
5/8/2015,16.28
5/11/2015,15.88
5/12/2015,15.54
5/13/2015,15.57
5/14/2015,16.67
5/15/2015,16.18
5/18/2015,16.88
5/19/2015,17.55
5/20/2015,17.17
5/21/2015,16.87
5/22/2015,16.75
5/25/2015,16.75
5/26/2015,15.72
5/27/2015,16.8
5/28/2015,16.71
5/29/2015,15.64
6/1/2015,15.9
6/2/2015,16.06
6/3/2015,16.8
6/4/2015,15.9
6/5/2015,16.52
6/8/2015,15.89
6/9/2015,16.18
6/10/2015,17.87
6/11/2015,18.24
6/12/2015,17.82
6/15/2015,17.34
6/16/2015,18.03
6/17/2015,17.86
6/18/2015,18.95
6/19/2015,17.95
6/22/2015,18.79
6/23/2015,19.12
6/24/2015,18.12
6/25/2015,17.37
6/26/2015,17.91
6/29/2015,15.09
6/30/2015,15.54
7/1/2015,17.08
7/2/2015,16.63
7/3/2015,16.63
7/6/2015,16.34
7/7/2015,16.49
7/8/2015,14.62
7/9/2015,15.41
7/10/2015,16.81
7/13/2015,17.99
7/14/2015,18.41
7/15/2015,19.2
7/16/2015,20.3
7/17/2015,19.97
7/20/2015,20.18
7/21/2015,19.98
7/22/2015,20.82
7/23/2015,19.78
7/24/2015,18.78
7/27/2015,17.94
7/28/2015,18.43
7/29/2015,19.36
7/30/2015,19.47
7/31/2015,19.08
8/3/2015,19.17
8/4/2015,19.02
8/5/2015,19.34
8/6/2015,18.89
8/7/2015,18.93
8/10/2015,20.14
8/11/2015,19.08
8/12/2015,18.12
8/13/2015,18.5
8/14/2015,19.36
8/17/2015,19.66
8/18/2015,19.57
8/19/2015,18.51
8/20/2015,16.04
8/21/2015,12.67
8/24/2015,7.36
8/25/2015,5.57
8/26/2015,9.4
8/27/2015,12.17
8/28/2015,11.84
8/31/2015,11.02
9/1/2015,7.27
9/2/2015,8.82
9/3/2015,9.31
9/4/2015,7.3
9/7/2015,7.3
9/8/2015,9.99
9/9/2015,8.6
9/10/2015,9.12
9/11/2015,9.62
9/14/2015,9.36
9/15/2015,10.91
9/16/2015,11.64
9/17/2015,10.35
9/18/2015,8.34
9/21/2015,9.53
9/22/2015,8.11
9/23/2015,8.31
9/24/2015,7.61
9/25/2015,9.01
9/28/2015,6.58
9/29/2015,6.99
9/30/2015,8.34
10/1/2015,8.46
10/2/2015,8.47
10/5/2015,10.76
10/6/2015,10.28
10/7/2015,11.29
10/8/2015,11.93
10/9/2015,11.31
10/12/2015,11.57
10/13/2015,10.81
10/14/2015,9.65
10/15/2015,12.06
10/16/2015,12.52
10/19/2015,12.61
10/20/2015,13.21
10/21/2015,12.27
10/22/2015,14.14
10/23/2015,15.25
10/26/2015,14.89
10/27/2015,14.22
10/28/2015,16.97
10/29/2015,16.51
10/30/2015,14.9
11/2/2015,16.77
11/3/2015,16.66
11/4/2015,16.34
11/5/2015,16.92
11/6/2015,17.98
11/9/2015,16.61
11/10/2015,17.14
11/11/2015,16.9
11/12/2015,15.06
11/13/2015,14.04
11/16/2015,15.45
11/17/2015,15.23
11/18/2015,17.24
11/19/2015,17.38
11/20/2015,17.68
11/23/2015,17.34
11/24/2015,17.06
11/25/2015,17.16
11/26/2015,17.16
11/27/2015,17.58
11/30/2015,17.26
12/1/2015,18.66
12/2/2015,17.15
12/3/2015,15.3
12/4/2015,18.19
12/7/2015,17.13
12/8/2015,15.65
12/9/2015,14.3
12/10/2015,14.36
12/11/2015,12.03
12/14/2015,12.15
12/15/2015,14.68
12/16/2015,16.47
12/17/2015,14.74
12/18/2015,12.01
12/21/2015,13
12/22/2015,13.93
12/23/2015,15.38
12/24/2015,15.36
12/25/2015,15.36
12/28/2015,15.21
12/29/2015,16.45
12/30/2015,15.54
12/31/2015,14.45
1/1/2016,14.45
1/4/2016,12.2
1/5/2016,12.68
1/6/2016,11.06
1/7/2016,7.99
1/8/2016,6.32
1/11/2016,6.67
1/12/2016,7.13
1/13/2016,4.36
1/14/2016,5.36
1/15/2016,3.08
1/18/2016,3.08
1/19/2016,3.01
1/20/2016,0.95
1/21/2016,0.67
1/22/2016,2.69
1/25/2016,0.35
1/26/2016,2.25
1/27/2016,1.8
1/28/2016,1.94
1/29/2016,4.83
2/1/2016,4.3
2/2/2016,1.67
2/3/2016,1.77
2/4/2016,2.6
2/5/2016,1.17
2/8/2016,-1.35
2/9/2016,-1.57
2/10/2016,-1.94
2/11/2016,-4.67
2/12/2016,-1.1
2/15/2016,-1.1
2/16/2016,0.71
2/17/2016,1.88
2/18/2016,1.36
2/19/2016,1.52
2/22/2016,2.97
2/23/2016,1.21
2/24/2016,1.04
2/25/2016,2.48
2/26/2016,3.11
2/29/2016,2.05
3/1/2016,5.57
3/2/2016,6.56
3/3/2016,7.32
3/4/2016,7.78
3/7/2016,7.82
3/8/2016,6.02
3/9/2016,6.16
3/10/2016,6.11
3/11/2016,8.87
3/14/2016,8.44
3/15/2016,8.2
3/16/2016,8.15
3/17/2016,9.47
3/18/2016,10.48
3/21/2016,10.26
3/22/2016,10
3/23/2016,9.12
3/24/2016,8.47
3/25/2016,8.47
3/28/2016,8.84
3/29/2016,9.31
3/30/2016,9.91
3/31/2016,9.71
4/1/2016,10.49
4/4/2016,9.97
4/5/2016,8.39
4/6/2016,9.02
4/7/2016,6.96
4/8/2016,7.43
4/11/2016,7.77
4/12/2016,9.2
4/13/2016,11.59
4/14/2016,11.84
4/15/2016,11.61
4/18/2016,12.34
4/19/2016,13.5
4/20/2016,14.35
4/21/2016,13.23
4/22/2016,14.39
4/25/2016,14.1
4/26/2016,14.93
4/27/2016,15.01
4/28/2016,13.8
4/29/2016,13.08
5/2/2016,14.33
5/3/2016,12.84
5/4/2016,12.15
5/5/2016,12.09
5/6/2016,12.58
5/9/2016,12.45
5/10/2016,13.91
5/11/2016,12.65
5/12/2016,12.85
5/13/2016,11.47
5/16/2016,12.16
5/17/2016,11.26
5/18/2016,13.23
5/19/2016,12.17
5/20/2016,12.97
5/23/2016,12.85
5/24/2016,14.67
5/25/2016,15.76
5/26/2016,15.14
5/27/2016,16
5/30/2016,16
5/31/2016,15.69
6/1/2016,16.03
6/2/2016,16.26
6/3/2016,14.77
6/6/2016,15.4
6/7/2016,15.11
6/8/2016,15.42
6/9/2016,14.62
6/10/2016,13.25
6/13/2016,12.38
6/14/2016,10.83
6/15/2016,10.96
6/16/2016,11.25
6/17/2016,11.14
6/20/2016,11.84
6/21/2016,12.37
6/22/2016,12.24
6/23/2016,14.61
6/24/2016,8.69
6/27/2016,5.71
6/28/2016,8.33
6/29/2016,10.79
6/30/2016,12.59
7/1/2016,12.06
7/4/2016,12.06
7/5/2016,10.48
7/6/2016,10.88
7/7/2016,10.97
7/8/2016,12.97
7/11/2016,13.69
7/12/2016,15.05
7/13/2016,15.12
7/14/2016,16.02
7/15/2016,15.87
7/18/2016,16.21
7/19/2016,16.32
7/20/2016,16.46
7/21/2016,15.96
7/22/2016,16.72
7/25/2016,16.42
7/26/2016,16.57
7/27/2016,16.46
7/28/2016,16.78
7/29/2016,16.67
8/1/2016,16.37
8/2/2016,15.33
8/3/2016,16.42
8/4/2016,16.1
8/5/2016,18.24
8/8/2016,18.33
8/9/2016,18.47
8/10/2016,17.64
8/11/2016,17.73
8/12/2016,17.53
8/15/2016,18.22
8/16/2016,17.78
8/17/2016,18.18
8/18/2016,18.17
8/19/2016,18.02
8/22/2016,18.12
8/23/2016,18.28
8/24/2016,18.12
8/25/2016,18.5
8/26/2016,18.52
8/29/2016,19.66
8/30/2016,20.58
8/31/2016,20.71
9/1/2016,20.23
9/2/2016,20.93
9/5/2016,20.93
9/6/2016,20.61
9/7/2016,20.78
9/8/2016,20.56
9/9/2016,18.15
9/12/2016,19.48
9/13/2016,17.31
9/14/2016,16.93
9/15/2016,17.76
9/16/2016,16.77
9/19/2016,17.33
9/20/2016,17.42
9/21/2016,18.22
9/22/2016,18.66
9/23/2016,17.84
9/26/2016,15.98
9/27/2016,16.93
9/28/2016,17.6
9/29/2016,15.84
9/30/2016,17.47
10/3/2016,16.94
10/4/2016,17.46
10/5/2016,19.21
10/6/2016,19.24
10/7/2016,19.32
10/10/2016,19.94
10/11/2016,18.67
10/12/2016,18.86
10/13/2016,17.51
10/14/2016,18.1
10/17/2016,17.6
10/18/2016,18.44
10/19/2016,19.43
10/20/2016,19.3
10/21/2016,19.31
10/24/2016,19.82
10/25/2016,19.52
10/26/2016,20.16
10/27/2016,20.35
10/28/2016,19.85
10/31/2016,19.82
11/1/2016,19.31
11/2/2016,18.39
11/3/2016,18.61
11/4/2016,18.14
11/7/2016,21.16
11/8/2016,21.31
11/9/2016,26.29
11/10/2016,30.91
11/11/2016,31.72
11/14/2016,34.68
11/15/2016,34.8
11/16/2016,33.05
11/17/2016,34.66
11/18/2016,34.88
11/21/2016,35.28
11/22/2016,35.54
11/23/2016,36.28
11/24/2016,36.28
11/25/2016,36.6
11/28/2016,34.71
11/29/2016,35.06
11/30/2016,36.73
12/1/2016,38.91
12/2/2016,37.66
12/5/2016,39.3
12/6/2016,40.7
12/7/2016,42.85
12/8/2016,44.31
12/9/2016,44.51
12/12/2016,43.08
12/13/2016,43.4
12/14/2016,42.53
12/15/2016,43.95
12/16/2016,42.7
12/19/2016,42.96
12/20/2016,44.58
12/21/2016,44.21
12/22/2016,43.85
12/23/2016,44.09
12/26/2016,44.09
12/27/2016,44.32
12/28/2016,42.9
12/29/2016,41.95
12/30/2016,42.24
1/2/2017,42.24
1/3/2017,43.52
1/4/2017,44.99
1/5/2017,43.45
1/6/2017,43.98
1/9/2017,42.76
1/10/2017,43.41
1/11/2017,44.1
1/12/2017,42.89
1/13/2017,43.73
1/16/2017,43.73
1/17/2017,40.43
1/18/2017,41.55
1/19/2017,40.71
1/20/2017,41.4
1/23/2017,40.63
1/24/2017,42.39
1/25/2017,44.66
1/26/2017,45.11
1/27/2017,44.42
1/30/2017,43.33
1/31/2017,42.52
2/1/2017,42.65
2/2/2017,42.07
2/3/2017,44.89
2/6/2017,44.34
2/7/2017,44
2/8/2017,42.95
2/9/2017,44.91
2/10/2017,45.29
2/13/2017,46.85
2/14/2017,48.63
2/15/2017,49.69
2/16/2017,49.53
2/17/2017,49.47
2/20/2017,49.47
2/21/2017,50.16
2/22/2017,50.31
2/23/2017,50.48
2/24/2017,49.41
2/27/2017,50.1
2/28/2017,49.7
3/1/2017,53.93
3/2/2017,51.58
3/3/2017,52.16
3/6/2017,51.2
3/7/2017,50.75
3/8/2017,50.64
3/9/2017,51.05
3/10/2017,50.99
3/13/2017,51.13
3/14/2017,50.98
3/15/2017,50.81
3/16/2017,51.34
3/17/2017,49.92
3/20/2017,48.54
3/21/2017,44.09
3/22/2017,43.77
3/23/2017,44.15
3/24/2017,44.01
3/27/2017,43.35
3/28/2017,45.26
3/29/2017,44.53
3/30/2017,46.48
3/31/2017,45.47
4/3/2017,44.9
4/4/2017,44.73
4/5/2017,43.57
4/6/2017,44.45
4/7/2017,43.97
4/10/2017,43.6
4/11/2017,43.4
4/12/2017,42.06
4/13/2017,40.2
4/14/2017,40.2
4/17/2017,42.46
4/18/2017,41.39
4/19/2017,41.15
4/20/2017,43.35
4/21/2017,42.17
4/24/2017,45.21
4/25/2017,46.36
4/26/2017,46.55
4/27/2017,45.83
4/28/2017,44.34
5/1/2017,45.11
5/2/2017,44.95
5/3/2017,45.86
5/4/2017,46.2
5/5/2017,46.02
5/8/2017,45.87
5/9/2017,45.18
5/10/2017,45.57
5/11/2017,44.7
5/12/2017,44.04
5/15/2017,45.18
5/16/2017,45.41
5/17/2017,40.97
5/18/2017,41.48
5/19/2017,42.6
5/22/2017,43.06
5/23/2017,44.23
5/24/2017,44.13
5/25/2017,44.48
5/26/2017,44.35
5/29/2017,44.35
5/30/2017,43.25
5/31/2017,42.28
6/1/2017,44.09
6/2/2017,43.56
6/5/2017,43.6
6/6/2017,42.94
6/7/2017,44.1
6/8/2017,45.93
6/9/2017,48.85
6/12/2017,49.07
6/13/2017,49.72
6/14/2017,49.96
6/15/2017,49.41
6/16/2017,49.21
6/19/2017,50.51
6/20/2017,49.2
6/21/2017,47.96
6/22/2017,47.07
6/23/2017,46.45
6/26/2017,47.23
6/27/2017,47.93
6/28/2017,50.28
6/29/2017,51.27
6/30/2017,51.1
7/3/2017,53.25
7/4/2017,53.25
7/5/2017,53.5
7/6/2017,52.39
7/7/2017,53.31
7/10/2017,52.99
7/11/2017,52.03
7/12/2017,52.22
7/13/2017,53.12
7/14/2017,52.37
7/17/2017,52.19
7/18/2017,51.79
7/19/2017,52.15
7/20/2017,52.08
7/21/2017,51.96
7/24/2017,52.51
7/25/2017,54.5
7/26/2017,53.35
7/27/2017,52.6
7/28/2017,52.62
7/31/2017,53.56
8/1/2017,54.76
8/2/2017,54.86
8/3/2017,54.21
8/4/2017,55.29
8/7/2017,54.97
8/8/2017,54.73
8/9/2017,54.49
8/10/2017,51.74
8/11/2017,50.93
8/14/2017,53.11
8/15/2017,53.31
8/16/2017,52.98
8/17/2017,50.22
8/18/2017,50.16
8/21/2017,49.82
8/22/2017,51.37
8/23/2017,51.06
8/24/2017,50.98
8/25/2017,51.41
8/28/2017,50.66
8/29/2017,49.97
8/30/2017,50.66
8/31/2017,50.72
9/1/2017,51.4
9/4/2017,51.4
9/5/2017,47.91
9/6/2017,48.22
9/7/2017,45.75
9/8/2017,46.99
9/11/2017,49.63
9/12/2017,51.53
9/13/2017,51.83
9/14/2017,51.26
9/15/2017,51.99
9/18/2017,53.53
9/19/2017,54.67
9/20/2017,55.68
9/21/2017,55.98
9/22/2017,56.05
9/25/2017,55.89
9/26/2017,55.85
9/27/2017,58
9/28/2017,58.31
9/29/2017,58.83
10/2/2017,60.24
10/3/2017,60.67
10/4/2017,60.05
10/5/2017,61.69
10/6/2017,61.77
10/9/2017,61.19
10/10/2017,61.91
10/11/2017,61.66
10/12/2017,60.56
10/13/2017,60.47
10/16/2017,61.5
10/17/2017,60.56
10/18/2017,61.5
10/19/2017,61.77
10/20/2017,63.58
10/23/2017,63.21
10/24/2017,64.37
10/25/2017,63.55
10/26/2017,64.56
10/27/2017,64.56
10/30/2017,63.63
10/31/2017,63.3
11/1/2017,63.54
11/2/2017,65.04
11/3/2017,64.42
11/6/2017,64.25
11/7/2017,62
11/8/2017,61.09
11/9/2017,60.54
11/10/2017,60.16
11/13/2017,60.55
11/14/2017,60.51
11/15/2017,60.8
11/16/2017,60.92
11/17/2017,60.83
11/20/2017,61.67
11/21/2017,62.15
11/22/2017,61.53
11/23/2017,61.53
11/24/2017,61.26
11/27/2017,61.24
11/28/2017,65.39
11/29/2017,68.45
11/30/2017,69.21
12/1/2017,69.53
12/4/2017,72.04
12/5/2017,70.86
12/6/2017,70.27
12/7/2017,70.8
12/8/2017,71.67
12/11/2017,71.21
12/12/2017,72.85
12/13/2017,70.77
12/14/2017,69.58
12/15/2017,71.54
12/18/2017,72.99
12/19/2017,72.26
12/20/2017,71.86
12/21/2017,73.32
12/22/2017,72.95
12/25/2017,72.95
12/26/2017,72.34
12/27/2017,72.42
12/28/2017,73.18
12/29/2017,71.96
1/1/2018,71.96
1/2/2018,71.84
1/3/2018,72.65
1/4/2018,74.32
1/5/2018,74.94
1/8/2018,74.73
1/9/2018,75.98
1/10/2018,77.46
1/11/2018,78.47
1/12/2018,80.04
1/15/2018,80.04
1/16/2018,79.38
1/17/2018,80.87
1/18/2018,80.5
1/19/2018,81.85
1/22/2018,83.24
1/23/2018,83.34
1/24/2018,84.34
1/25/2018,84.05
1/26/2018,85.41
1/29/2018,84.5
1/30/2018,82.36
1/31/2018,82.51
2/1/2018,84.53
2/2/2018,80.66
2/5/2018,71.87
2/6/2018,74.58
2/7/2018,74.95
2/8/2018,67.3
2/9/2018,70.45
2/12/2018,72.66
2/13/2018,73.43
2/14/2018,77.47
2/15/2018,78.54
2/16/2018,78.53
2/19/2018,78.53
2/20/2018,77.99
2/21/2018,78.02
2/22/2018,76.53
2/23/2018,79.08
2/26/2018,81.62
2/27/2018,79.85
2/28/2018,77.51
3/1/2018,74.62
3/2/2018,75.38
3/5/2018,77.82
3/6/2018,78.7
3/7/2018,78.52
3/8/2018,78.89
3/9/2018,83.22
3/12/2018,82.58
3/13/2018,80.7
3/14/2018,78.59
3/15/2018,78.8
3/16/2018,79.25
3/19/2018,77.78
3/20/2018,78.11
3/21/2018,78.09
3/22/2018,71.6
3/23/2018,66.5
3/26/2018,71.85
3/27/2018,68.42
3/28/2018,68.85
3/29/2018,70.92
3/30/2018,70.92
4/2/2018,67.3
4/3/2018,69.62
4/4/2018,71.43
4/5/2018,72.65
4/6/2018,68.48
4/9/2018,69.21
4/10/2018,71.81
4/11/2018,69.83
4/12/2018,72.8
4/13/2018,70.22
4/16/2018,71.09
4/17/2018,70.91
4/18/2018,70.27
4/19/2018,72.78
4/20/2018,72.91
4/23/2018,72.86
4/24/2018,71.89
4/25/2018,71.75
4/26/2018,71.75
4/27/2018,72.01
4/30/2018,70.36
5/1/2018,70.61
5/2/2018,68.7
5/3/2018,67.33
5/4/2018,69.49
5/7/2018,70.63
5/8/2018,71.77
5/9/2018,74.18
5/10/2018,75.5
5/11/2018,75.41
5/14/2018,75.2
5/15/2018,75.03
5/16/2018,75.3
5/17/2018,75.26
5/18/2018,73.76
5/21/2018,75.22
5/22/2018,76.15
5/23/2018,75.14
5/24/2018,73.99
5/25/2018,73.31
5/28/2018,73.31
5/29/2018,67.83
5/30/2018,71.07
5/31/2018,69.55
6/1/2018,71.39
6/4/2018,72.01
6/5/2018,71.33
6/6/2018,74.44
6/7/2018,74.81
6/8/2018,75.29
6/11/2018,74.72
6/12/2018,74.03
6/13/2018,73.46
6/14/2018,72.01
6/15/2018,71.93
6/18/2018,71.83
6/19/2018,71.44
6/20/2018,70.97
6/21/2018,70.56
6/22/2018,69.69
6/25/2018,67.96
6/26/2018,67.31
6/27/2018,65.08
6/28/2018,66.41
6/29/2018,66.15
7/2/2018,67.27
7/3/2018,65.67
7/4/2018,65.67
7/5/2018,66.2
7/6/2018,67.03
7/9/2018,70.83
7/10/2018,70.12
7/11/2018,69.27
7/12/2018,69.39
7/13/2018,68.57
7/16/2018,71.42
7/17/2018,71.68
7/18/2018,74.22
7/19/2018,71.99
7/20/2018,72.35
7/23/2018,74.53
7/24/2018,74.88
7/25/2018,75.11
7/26/2018,75.08
7/27/2018,75.29
7/30/2018,75.32
7/31/2018,74.27
8/1/2018,74.34
8/2/2018,74.52
8/3/2018,75.3
8/6/2018,76
8/7/2018,76.76
8/8/2018,77.25
8/9/2018,76.42
8/10/2018,74.54
8/13/2018,72.9
8/14/2018,74.47
8/15/2018,73.27
8/16/2018,75.44
8/17/2018,75.84
8/20/2018,76.46
8/21/2018,77.23
8/22/2018,76.77
8/23/2018,75.86
8/24/2018,76.31
8/27/2018,78.42
8/28/2018,78.2
8/29/2018,78.16
8/30/2018,76.88
8/31/2018,76.86
9/3/2018,76.86
9/4/2018,77.74
9/5/2018,77.82
9/6/2018,76.89
9/7/2018,76.73
9/10/2018,76.56
9/11/2018,76.75
9/12/2018,75.14
9/13/2018,74.9
9/14/2018,76.16
9/17/2018,75.37
9/18/2018,75.96
9/19/2018,78.83
9/20/2018,80.33
9/21/2018,79.66
9/24/2018,77.72
9/25/2018,77.1
9/26/2018,74.8
9/27/2018,74.2
9/28/2018,72.62
10/1/2018,72.9
10/2/2018,72.92
10/3/2018,74.52
10/4/2018,75.74
10/5/2018,74.94
10/8/2018,75.94
10/9/2018,75.38
10/10/2018,70.3
10/11/2018,65.26
10/12/2018,65.11
10/15/2018,64.46
10/16/2018,67.01
10/17/2018,68.42
10/18/2018,65.78
10/19/2018,66.14
10/22/2018,62.77
10/23/2018,61.47
10/24/2018,56.99
10/25/2018,59.68
10/26/2018,57.75
10/29/2018,59.21
10/30/2018,61.73
10/31/2018,63.79
11/1/2018,64.63
11/2/2018,64.81
11/5/2018,66.95
11/6/2018,67.87
11/7/2018,70.03
11/8/2018,70.7
11/9/2018,69.06
11/12/2018,65.83
11/13/2018,66.78
11/14/2018,64.45
11/15/2018,66.91
11/16/2018,67.1
11/19/2018,66.98
11/20/2018,63.58
11/21/2018,63.78
11/22/2018,63.78
11/23/2018,62.49
11/26/2018,65.77
11/27/2018,65.74
11/28/2018,68.71
11/29/2018,67.45
11/30/2018,68.65
12/3/2018,69.36
12/4/2018,61.87
12/5/2018,61.87
12/6/2018,59.82
12/7/2018,57.06
12/10/2018,54.86
12/11/2018,53.37
12/12/2018,54.19
12/13/2018,53.09
12/14/2018,51.45
12/17/2018,49.93
12/18/2018,49.16
12/19/2018,47.11
12/20/2018,46.05
12/21/2018,43.31
12/24/2018,39.99
12/25/2018,39.99
12/26/2018,46.47
12/27/2018,47.95
12/28/2018,48.12
12/31/2018,49.55
