Date,(INDEX) S&P Composite 1500 Real Estate - SEC - Total Return
12/30/2013,0
12/31/2013,-0.49
1/1/2014,-0.49
1/2/2014,-0.66
1/3/2014,0.02
1/6/2014,0.41
1/7/2014,0.79
1/8/2014,0.55
1/9/2014,0.58
1/10/2014,1.8
1/13/2014,1.06
1/14/2014,1.82
1/15/2014,2.32
1/16/2014,2.55
1/17/2014,2.12
1/20/2014,2.12
1/21/2014,2.9
1/22/2014,3.22
1/23/2014,2.72
1/24/2014,1.2
1/27/2014,0.76
1/28/2014,1.78
1/29/2014,1.22
1/30/2014,2.81
1/31/2014,3.2
2/3/2014,1.3
2/4/2014,2.45
2/5/2014,2.31
2/6/2014,3.24
2/7/2014,4.05
2/10/2014,5.03
2/11/2014,5.5
2/12/2014,5.41
2/13/2014,5.87
2/14/2014,6.27
2/17/2014,6.27
2/18/2014,6.71
2/19/2014,6.75
2/20/2014,6.66
2/21/2014,6.71
2/24/2014,6.9
2/25/2014,6.94
2/26/2014,7.21
2/27/2014,7.01
2/28/2014,7.77
3/3/2014,7.66
3/4/2014,9.11
3/5/2014,8.82
3/6/2014,8.32
3/7/2014,7.27
3/10/2014,6.75
3/11/2014,7.4
3/12/2014,7.54
3/13/2014,7.04
3/14/2014,7.23
3/17/2014,7.47
3/18/2014,7.98
3/19/2014,5.89
3/20/2014,6.25
3/21/2014,7.04
3/24/2014,6.47
3/25/2014,7.32
3/26/2014,6.04
3/27/2014,6.72
3/28/2014,7.5
3/31/2014,8.18
4/1/2014,8.68
4/2/2014,8.73
4/3/2014,8.51
4/4/2014,8.8
4/7/2014,9.11
4/8/2014,9.75
4/9/2014,9.53
4/10/2014,8.51
4/11/2014,7.75
4/14/2014,8.46
4/15/2014,9.61
4/16/2014,10.39
4/17/2014,10.01
4/18/2014,10.01
4/21/2014,10.5
4/22/2014,10.79
4/23/2014,10.45
4/24/2014,10.87
4/25/2014,10.41
4/28/2014,11.28
4/29/2014,11.28
4/30/2014,11.7
5/1/2014,12.45
5/2/2014,12.5
5/5/2014,13.09
5/6/2014,12.58
5/7/2014,14.01
5/8/2014,14.12
5/9/2014,14.1
5/12/2014,14.41
5/13/2014,13.69
5/14/2014,13.93
5/15/2014,13.73
5/16/2014,14.66
5/19/2014,14.19
5/20/2014,13.79
5/21/2014,13.39
5/22/2014,13.16
5/23/2014,14.07
5/26/2014,14.07
5/27/2014,14.89
5/28/2014,14.28
5/29/2014,14.54
5/30/2014,15.1
6/2/2014,15.25
6/3/2014,15.05
6/4/2014,15.27
6/5/2014,17.17
6/6/2014,16.79
6/9/2014,15.48
6/10/2014,14.71
6/11/2014,14.41
6/12/2014,14.03
6/13/2014,14.31
6/16/2014,13.72
6/17/2014,13.97
6/18/2014,14.69
6/19/2014,15.49
6/20/2014,15.87
6/23/2014,15.6
6/24/2014,15.74
6/25/2014,15.68
6/26/2014,15.49
6/27/2014,16.23
6/30/2014,16.17
7/1/2014,16.55
7/2/2014,16.3
7/3/2014,15.91
7/4/2014,15.91
7/7/2014,16.13
7/8/2014,16.43
7/9/2014,16.65
7/10/2014,17
7/11/2014,17.02
7/14/2014,17.54
7/15/2014,17.57
7/16/2014,17.95
7/17/2014,17.23
7/18/2014,18.46
7/21/2014,17.94
7/22/2014,18.48
7/23/2014,18.62
7/24/2014,18.55
7/25/2014,17.58
7/28/2014,18.41
7/29/2014,17.68
7/30/2014,17.75
7/31/2014,15.94
8/1/2014,15.71
8/4/2014,16.4
8/5/2014,15.28
8/6/2014,15.51
8/7/2014,15.76
8/8/2014,16.55
8/11/2014,17.17
8/12/2014,16.92
8/13/2014,18.4
8/14/2014,18.48
8/15/2014,18.41
8/18/2014,19.65
8/19/2014,19.96
8/20/2014,20.36
8/21/2014,20.32
8/22/2014,19.42
8/25/2014,19.26
8/26/2014,19.35
8/27/2014,19.55
8/28/2014,19.42
8/29/2014,19.98
9/1/2014,19.98
9/2/2014,20.01
9/3/2014,20.18
9/4/2014,19.88
9/5/2014,21.11
9/8/2014,20.88
9/9/2014,20.16
9/10/2014,18.46
9/11/2014,18.63
9/12/2014,15.07
9/15/2014,14.68
9/16/2014,15.65
9/17/2014,15.68
9/18/2014,14.78
9/19/2014,14.81
9/22/2014,13.9
9/23/2014,13.14
9/24/2014,13
9/25/2014,12.39
9/26/2014,13.72
9/29/2014,13.71
9/30/2014,13.23
10/1/2014,13.23
10/2/2014,13.24
10/3/2014,13.95
10/6/2014,14.18
10/7/2014,13.26
10/8/2014,15.66
10/9/2014,15.49
10/10/2014,15.6
10/13/2014,15.45
10/14/2014,17.41
10/15/2014,16.65
10/16/2014,16.86
10/17/2014,17.35
10/20/2014,19.07
10/21/2014,20.31
10/22/2014,20.14
10/23/2014,21.1
10/24/2014,21.06
10/27/2014,21.77
10/28/2014,22.23
10/29/2014,21.8
10/30/2014,22.9
10/31/2014,23.97
11/3/2014,25.16
11/4/2014,25.32
11/5/2014,25.14
11/6/2014,24.43
11/7/2014,24.36
11/10/2014,25.22
11/11/2014,24.71
11/12/2014,23.98
11/13/2014,24.59
11/14/2014,23.65
11/17/2014,24.12
11/18/2014,24.74
11/19/2014,23.95
11/20/2014,24.27
11/21/2014,25.23
11/24/2014,25.67
11/25/2014,25.97
11/26/2014,26.98
11/27/2014,26.98
11/28/2014,27.37
12/1/2014,27.03
12/2/2014,27.44
12/3/2014,27.23
12/4/2014,27.48
12/5/2014,26.77
12/8/2014,27.55
12/9/2014,28.08
12/10/2014,27.81
12/11/2014,27.96
12/12/2014,26.8
12/15/2014,25.52
12/16/2014,25.03
12/17/2014,27.7
12/18/2014,28.97
12/19/2014,29.19
12/22/2014,31.19
12/23/2014,30.82
12/24/2014,30.31
12/25/2014,30.31
12/26/2014,30.7
12/29/2014,31.29
12/30/2014,31.04
12/31/2014,28.92
1/1/2015,28.92
1/2/2015,30.75
1/5/2015,31.17
1/6/2015,32.36
1/7/2015,34.34
1/8/2015,34.93
1/9/2015,35.01
1/12/2015,35.87
1/13/2015,35.54
1/14/2015,36.45
1/15/2015,36.71
1/16/2015,37.94
1/19/2015,37.94
1/20/2015,36.94
1/21/2015,36.71
1/22/2015,39.42
1/23/2015,39.15
1/26/2015,40.45
1/27/2015,40.22
1/28/2015,39.27
1/29/2015,39.53
1/30/2015,36.87
2/2/2015,36.77
2/3/2015,38.03
2/4/2015,37.29
2/5/2015,38.94
2/6/2015,35.17
2/9/2015,34.46
2/10/2015,34.93
2/11/2015,34.54
2/12/2015,35.98
2/13/2015,35.21
2/16/2015,35.21
2/17/2015,34.86
2/18/2015,36.09
2/19/2015,33.29
2/20/2015,34.63
2/23/2015,35.62
2/24/2015,32.92
2/25/2015,33.23
2/26/2015,31.99
2/27/2015,32.85
3/2/2015,33.6
3/3/2015,33.17
3/4/2015,31.98
3/5/2015,32.54
3/6/2015,28.4
3/9/2015,29.43
3/10/2015,28.93
3/11/2015,29.04
3/12/2015,31.27
3/13/2015,30.84
3/16/2015,32.44
3/17/2015,32.17
3/18/2015,34.95
3/19/2015,34.71
3/20/2015,37.98
3/23/2015,37.87
3/24/2015,36.78
3/25/2015,34.34
3/26/2015,33.66
3/27/2015,34.11
3/30/2015,35.8
3/31/2015,34.56
4/1/2015,34.49
4/2/2015,35.48
4/3/2015,35.48
4/6/2015,36.76
4/7/2015,34.59
4/8/2015,34.76
4/9/2015,32.27
4/10/2015,32.17
4/13/2015,31.77
4/14/2015,32.23
4/15/2015,31.51
4/16/2015,32.07
4/17/2015,31.28
4/20/2015,31.53
4/21/2015,31.6
4/22/2015,31.96
4/23/2015,32.23
4/24/2015,32.35
4/27/2015,32.2
4/28/2015,32.2
4/29/2015,29.59
4/30/2015,27.75
5/1/2015,28.59
5/4/2015,28.78
5/5/2015,25.98
5/6/2015,25.7
5/7/2015,27.5
5/8/2015,29.38
5/11/2015,27.47
5/12/2015,27.76
5/13/2015,26.71
5/14/2015,29.14
5/15/2015,30.24
5/18/2015,29.85
5/19/2015,29.69
5/20/2015,29.38
5/21/2015,28.65
5/22/2015,28.69
5/25/2015,28.69
5/26/2015,27.85
5/27/2015,29.04
5/28/2015,28.67
5/29/2015,27.3
6/1/2015,28.75
6/2/2015,27.69
6/3/2015,25.96
6/4/2015,25.95
6/5/2015,24.48
6/8/2015,24.24
6/9/2015,23.31
6/10/2015,24.23
6/11/2015,25.12
6/12/2015,24.86
6/15/2015,24.22
6/16/2015,25.31
6/17/2015,26.26
6/18/2015,28.03
6/19/2015,26.92
6/22/2015,25.9
6/23/2015,25.05
6/24/2015,24.29
6/25/2015,23.22
6/26/2015,23.98
6/29/2015,21.93
6/30/2015,22.12
7/1/2015,23.88
7/2/2015,24.25
7/3/2015,24.25
7/6/2015,24.74
7/7/2015,26.57
7/8/2015,25.89
7/9/2015,25.48
7/10/2015,26.41
7/13/2015,26.63
7/14/2015,26.91
7/15/2015,27.09
7/16/2015,28.14
7/17/2015,27.47
7/20/2015,27.87
7/21/2015,27.37
7/22/2015,27.8
7/23/2015,26.85
7/24/2015,27.2
7/27/2015,27.46
7/28/2015,27.75
7/29/2015,28.31
7/30/2015,27.71
7/31/2015,28.6
8/3/2015,29.29
8/4/2015,28.62
8/5/2015,28.09
8/6/2015,28.23
8/7/2015,28.85
8/10/2015,28.64
8/11/2015,29.48
8/12/2015,29.82
8/13/2015,30.1
8/14/2015,30.86
8/17/2015,31.87
8/18/2015,31.97
8/19/2015,31.15
8/20/2015,30.03
8/21/2015,27.48
8/24/2015,21.35
8/25/2015,18.1
8/26/2015,21.28
8/27/2015,23.76
8/28/2015,23.56
8/31/2015,20.98
9/1/2015,18.55
9/2/2015,19.9
9/3/2015,20.22
9/4/2015,17.77
9/7/2015,17.77
9/8/2015,19.61
9/9/2015,18.12
9/10/2015,18.4
9/11/2015,20.38
9/14/2015,20.31
9/15/2015,21.47
9/16/2015,23
9/17/2015,24.21
9/18/2015,23.86
9/21/2015,24.95
9/22/2015,23.3
9/23/2015,24.05
9/24/2015,22.82
9/25/2015,23.62
9/28/2015,21.43
9/29/2015,22.84
9/30/2015,23.82
10/1/2015,24.35
10/2/2015,25.46
10/5/2015,27.8
10/6/2015,27.32
10/7/2015,28.68
10/8/2015,29.84
10/9/2015,29.55
10/12/2015,30.29
10/13/2015,29.31
10/14/2015,28.35
10/15/2015,30.14
10/16/2015,31.28
10/19/2015,33.03
10/20/2015,32.98
10/21/2015,32.6
10/22/2015,34.19
10/23/2015,32.79
10/26/2015,32.83
10/27/2015,32.76
10/28/2015,33.28
10/29/2015,33.29
10/30/2015,32.1
11/2/2015,34.99
11/3/2015,33.69
11/4/2015,33.04
11/5/2015,33.35
11/6/2015,29.27
11/9/2015,27.46
11/10/2015,28.63
11/11/2015,28.91
11/12/2015,28.07
11/13/2015,26.6
11/16/2015,28.15
11/17/2015,28.36
11/18/2015,29.84
11/19/2015,30.3
11/20/2015,31.82
11/23/2015,31.96
11/24/2015,31.28
11/25/2015,31.82
11/26/2015,31.82
11/27/2015,32.87
11/30/2015,31.83
12/1/2015,33.74
12/2/2015,31.03
12/3/2015,29.05
12/4/2015,31.48
12/7/2015,31.25
12/8/2015,31.04
12/9/2015,30.08
12/10/2015,29.13
12/11/2015,28.85
12/14/2015,29.39
12/15/2015,30.85
12/16/2015,33.36
12/17/2015,32.53
12/18/2015,30.68
12/21/2015,31.41
12/22/2015,32
12/23/2015,33.53
12/24/2015,33.49
12/25/2015,33.49
12/28/2015,34.23
12/29/2015,35.67
12/30/2015,34.95
12/31/2015,33.81
1/1/2016,33.81
1/4/2016,32.29
1/5/2016,34.92
1/6/2016,34.13
1/7/2016,31.4
1/8/2016,29.62
1/11/2016,30.28
1/12/2016,29.5
1/13/2016,27.64
1/14/2016,27.61
1/15/2016,26.17
1/18/2016,26.17
1/19/2016,27.01
1/20/2016,23.4
1/21/2016,24.36
1/22/2016,27.7
1/25/2016,26.54
1/26/2016,29.19
1/27/2016,26.88
1/28/2016,25.95
1/29/2016,28.61
2/1/2016,28.71
2/2/2016,27.27
2/3/2016,27.83
2/4/2016,27.94
2/5/2016,24.81
2/8/2016,21.26
2/9/2016,19.18
2/10/2016,19.84
2/11/2016,18.3
2/12/2016,19.72
2/15/2016,19.72
2/16/2016,21.96
2/17/2016,23.1
2/18/2016,24.2
2/19/2016,24.6
2/22/2016,26.15
2/23/2016,25.71
2/24/2016,25.69
2/25/2016,28
2/26/2016,27.54
2/29/2016,27.38
3/1/2016,30.95
3/2/2016,31.85
3/3/2016,32.45
3/4/2016,32.71
3/7/2016,32.97
3/8/2016,31.59
3/9/2016,32.21
3/10/2016,31.86
3/11/2016,35.08
3/14/2016,34.99
3/15/2016,35.03
3/16/2016,36.6
3/17/2016,38.71
3/18/2016,38.12
3/21/2016,37.08
3/22/2016,37.18
3/23/2016,36.4
3/24/2016,36.45
3/25/2016,36.45
3/28/2016,37.61
3/29/2016,40.45
3/30/2016,40.09
3/31/2016,40.84
4/1/2016,40.98
4/4/2016,40.86
4/5/2016,39.92
4/6/2016,40.4
4/7/2016,39.48
4/8/2016,40.46
4/11/2016,40.03
4/12/2016,41.01
4/13/2016,40.61
4/14/2016,39.77
4/15/2016,40.73
4/18/2016,41.42
4/19/2016,41.45
4/20/2016,39.35
4/21/2016,36.93
4/22/2016,38.57
4/25/2016,39.47
4/26/2016,40.05
4/27/2016,39.8
4/28/2016,39.4
4/29/2016,38.24
5/2/2016,40.34
5/3/2016,40.14
5/4/2016,42.13
5/5/2016,42.62
5/6/2016,43.89
5/9/2016,45.04
5/10/2016,45.26
5/11/2016,42.21
5/12/2016,43.17
5/13/2016,41.76
5/16/2016,43.06
5/17/2016,40.59
5/18/2016,38.75
5/19/2016,37.33
5/20/2016,38.47
5/23/2016,38.53
5/24/2016,40.22
5/25/2016,40.4
5/26/2016,40.52
5/27/2016,41.23
5/30/2016,41.23
5/31/2016,41.24
6/1/2016,41.16
6/2/2016,41.86
6/3/2016,42.28
6/6/2016,41.48
6/7/2016,42.34
6/8/2016,43.04
6/9/2016,43.39
6/10/2016,42.8
6/13/2016,42.77
6/14/2016,42.13
6/15/2016,43.37
6/16/2016,44.2
6/17/2016,43.9
6/20/2016,44.15
6/21/2016,44.89
6/22/2016,44.66
6/23/2016,45.84
6/24/2016,43.76
6/27/2016,43.85
6/28/2016,46.97
6/29/2016,49.06
6/30/2016,50.53
7/1/2016,50.52
7/4/2016,50.52
7/5/2016,51.79
7/6/2016,51.23
7/7/2016,49.75
7/8/2016,52.24
7/11/2016,53.12
7/12/2016,53.36
7/13/2016,54.04
7/14/2016,53.01
7/15/2016,52.92
7/18/2016,53.16
7/19/2016,53.87
7/20/2016,53.86
7/21/2016,54.08
7/22/2016,55.37
7/25/2016,55.07
7/26/2016,54.5
7/27/2016,53.17
7/28/2016,54.26
7/29/2016,55.85
8/1/2016,56.52
8/2/2016,54.13
8/3/2016,53.29
8/4/2016,52.9
8/5/2016,53.01
8/8/2016,53.09
8/9/2016,53.68
8/10/2016,53.62
8/11/2016,52.09
8/12/2016,52.58
8/15/2016,52.48
8/16/2016,50.6
8/17/2016,51.12
8/18/2016,50.52
8/19/2016,49.48
8/22/2016,50.26
8/23/2016,50.43
8/24/2016,49.77
8/25/2016,50.42
8/26/2016,48.93
8/29/2016,50.41
8/30/2016,50.18
8/31/2016,50.27
9/1/2016,50.11
9/2/2016,51.4
9/5/2016,51.4
9/6/2016,52.65
9/7/2016,53.41
9/8/2016,51.57
9/9/2016,45.47
9/12/2016,47.29
9/13/2016,43.47
9/14/2016,43.96
9/15/2016,44.68
9/16/2016,44.49
9/19/2016,45.94
9/20/2016,45.72
9/21/2016,47.55
9/22/2016,50.43
9/23/2016,50.81
9/26/2016,51.09
9/27/2016,49.77
9/28/2016,50.93
9/29/2016,48.93
9/30/2016,48.18
10/3/2016,45.59
10/4/2016,43.39
10/5/2016,40.56
10/6/2016,40.74
10/7/2016,40.39
10/10/2016,41.22
10/11/2016,39.87
10/12/2016,41.72
10/13/2016,42.59
10/14/2016,42.2
10/17/2016,42.41
10/18/2016,43.23
10/19/2016,43.73
10/20/2016,43.32
10/21/2016,43.1
10/24/2016,43.57
10/25/2016,43.16
10/26/2016,41.38
10/27/2016,38.07
10/28/2016,38.42
10/31/2016,40.47
11/1/2016,37.5
11/2/2016,35.36
11/3/2016,34.6
11/4/2016,35.56
11/7/2016,37.89
11/8/2016,38.64
11/9/2016,36.18
11/10/2016,33.91
11/11/2016,34.33
11/14/2016,37.06
11/15/2016,36.18
11/16/2016,36.14
11/17/2016,34.95
11/18/2016,35.28
11/21/2016,35.15
11/22/2016,37.45
11/23/2016,36.71
11/24/2016,36.71
11/25/2016,37.37
11/28/2016,37.74
11/29/2016,38.84
11/30/2016,37.17
12/1/2016,35.14
12/2/2016,36.61
12/5/2016,37.67
12/6/2016,38.29
12/7/2016,41.18
12/8/2016,41.96
12/9/2016,41.83
12/12/2016,42.96
12/13/2016,43.22
12/14/2016,40.3
12/15/2016,39.46
12/16/2016,41.3
12/19/2016,42.68
12/20/2016,42.94
12/21/2016,41.04
12/22/2016,40.9
12/23/2016,41.13
12/26/2016,41.13
12/27/2016,41.42
12/28/2016,40.41
12/29/2016,41.95
12/30/2016,43.29
1/2/2017,43.29
1/3/2017,43.85
1/4/2017,45.86
1/5/2017,46.33
1/6/2017,46.17
1/9/2017,45.09
1/10/2017,43.64
1/11/2017,43.03
1/12/2017,43.62
1/13/2017,43.42
1/16/2017,43.42
1/17/2017,44.57
1/18/2017,44.81
1/19/2017,43.33
1/20/2017,44.33
1/23/2017,45.34
1/24/2017,45.48
1/25/2017,44.64
1/26/2017,44.49
1/27/2017,43.05
1/30/2017,42.25
1/31/2017,43.38
2/1/2017,41.66
2/2/2017,43.33
2/3/2017,44.31
2/6/2017,43.65
2/7/2017,43.29
2/8/2017,44.43
2/9/2017,44.95
2/10/2017,45.94
2/13/2017,46.53
2/14/2017,45.88
2/15/2017,45.46
2/16/2017,46.24
2/17/2017,46.56
2/20/2017,46.56
2/21/2017,48.52
2/22/2017,48.11
2/23/2017,48.94
2/24/2017,49.67
2/27/2017,50.48
2/28/2017,49.72
3/1/2017,49.38
3/2/2017,48.84
3/3/2017,48.37
3/6/2017,47.57
3/7/2017,46.99
3/8/2017,44.66
3/9/2017,42.79
3/10/2017,42.47
3/13/2017,42.77
3/14/2017,42.53
3/15/2017,45.37
3/16/2017,45.05
3/17/2017,45.47
3/20/2017,45.47
3/21/2017,45.07
3/22/2017,45.25
3/23/2017,46.35
3/24/2017,46.17
3/27/2017,45.13
3/28/2017,45.81
3/29/2017,46.42
3/30/2017,46.8
3/31/2017,47.57
4/3/2017,47.71
4/4/2017,47.5
4/5/2017,47.63
4/6/2017,48.48
4/7/2017,48.71
4/10/2017,49.7
4/11/2017,50.64
4/12/2017,50.41
4/13/2017,50.04
4/14/2017,50.04
4/17/2017,51.88
4/18/2017,52.22
4/19/2017,51.93
4/20/2017,52.02
4/21/2017,51.39
4/24/2017,50.03
4/25/2017,50.38
4/26/2017,49.23
4/27/2017,49.41
4/28/2017,48.17
5/1/2017,49.12
5/2/2017,48.99
5/3/2017,47.12
5/4/2017,46.92
5/5/2017,48.25
5/8/2017,47.42
5/9/2017,46.6
5/10/2017,47.47
5/11/2017,46.63
5/12/2017,46.09
5/15/2017,46.75
5/16/2017,45.88
5/17/2017,46.51
5/18/2017,46.96
5/19/2017,47.89
5/22/2017,48.33
5/23/2017,48.47
5/24/2017,49.46
5/25/2017,49.79
5/26/2017,48.77
5/29/2017,48.77
5/30/2017,48.21
5/31/2017,48.14
6/1/2017,48.98
6/2/2017,50.23
6/5/2017,49.65
6/6/2017,49.01
6/7/2017,49.75
6/8/2017,49.31
6/9/2017,50.26
6/12/2017,51.36
6/13/2017,51.68
6/14/2017,52.11
6/15/2017,52.72
6/16/2017,52.47
6/19/2017,52.68
6/20/2017,52.27
6/21/2017,51.81
6/22/2017,51.96
6/23/2017,52.59
6/26/2017,53.42
6/27/2017,52.58
6/28/2017,52.8
6/29/2017,51.09
6/30/2017,51.03
7/3/2017,52.65
7/4/2017,52.65
7/5/2017,50.75
7/6/2017,47.95
7/7/2017,48.99
7/10/2017,47.59
7/11/2017,47.43
7/12/2017,49.38
7/13/2017,49.65
7/14/2017,51.16
7/17/2017,51.67
7/18/2017,51.51
7/19/2017,52.69
7/20/2017,52.14
7/21/2017,52.35
7/24/2017,52.11
7/25/2017,52.31
7/26/2017,53.25
7/27/2017,53.15
7/28/2017,52.9
7/31/2017,52.79
8/1/2017,53.4
8/2/2017,52.39
8/3/2017,51.91
8/4/2017,52.43
8/7/2017,52.36
8/8/2017,51.56
8/9/2017,51.43
8/10/2017,50.11
8/11/2017,49.22
8/14/2017,51.78
8/15/2017,51.24
8/16/2017,51.72
8/17/2017,50.54
8/18/2017,49.38
8/21/2017,51.01
8/22/2017,50.85
8/23/2017,52.23
8/24/2017,51.98
8/25/2017,52.67
8/28/2017,51.92
8/29/2017,51.8
8/30/2017,52.66
8/31/2017,53.55
9/1/2017,53.61
9/4/2017,53.61
9/5/2017,53.39
9/6/2017,53.63
9/7/2017,54.64
9/8/2017,54.72
9/11/2017,55.91
9/12/2017,54.22
9/13/2017,53.72
9/14/2017,54.77
9/15/2017,55.21
9/18/2017,54.45
9/19/2017,53.03
9/20/2017,52.65
9/21/2017,52.24
9/22/2017,51.24
9/25/2017,51.94
9/26/2017,51.95
9/27/2017,50.79
9/28/2017,51.92
9/29/2017,52.06
10/2/2017,51.67
10/3/2017,51.71
10/4/2017,52.79
10/5/2017,53.32
10/6/2017,52.92
10/9/2017,53.12
10/10/2017,53.47
10/11/2017,54.23
10/12/2017,55.19
10/13/2017,55.49
10/16/2017,54.82
10/17/2017,54.93
10/18/2017,54.72
10/19/2017,54.52
10/20/2017,54.11
10/23/2017,53.43
10/24/2017,52.48
10/25/2017,52.04
10/26/2017,51.2
10/27/2017,51.72
10/30/2017,52.24
10/31/2017,52.6
11/1/2017,52.63
11/2/2017,53.88
11/3/2017,53.67
11/6/2017,55.84
11/7/2017,57.24
11/8/2017,58.26
11/9/2017,58.26
11/10/2017,58.31
11/13/2017,58.84
11/14/2017,58.66
11/15/2017,57.4
11/16/2017,58.25
11/17/2017,57.43
11/20/2017,57.03
11/21/2017,58.03
11/22/2017,57.55
11/23/2017,57.55
11/24/2017,58.04
11/27/2017,57.51
11/28/2017,57.13
11/29/2017,56.91
11/30/2017,57.07
12/1/2017,57.39
12/4/2017,55.75
12/5/2017,54.96
12/6/2017,54.98
12/7/2017,55.62
12/8/2017,56.09
12/11/2017,56.24
12/12/2017,56.95
12/13/2017,57.08
12/14/2017,57.07
12/15/2017,57.76
12/18/2017,58.46
12/19/2017,55.32
12/20/2017,53.6
12/21/2017,53.03
12/22/2017,54.13
12/25/2017,54.13
12/26/2017,54.92
12/27/2017,55.58
12/28/2017,56.47
12/29/2017,56.42
1/1/2018,56.42
1/2/2018,55.73
1/3/2018,55.65
1/4/2018,52.97
1/5/2018,53.3
1/8/2018,54.22
1/9/2018,52.38
1/10/2018,50.17
1/11/2018,49.52
1/12/2018,48.42
1/15/2018,48.42
1/16/2018,49.01
1/17/2018,50.07
1/18/2018,48.52
1/19/2018,49.58
1/22/2018,50.98
1/23/2018,53.06
1/24/2018,52.49
1/25/2018,52.4
1/26/2018,52.6
1/29/2018,50.72
1/30/2018,49.81
1/31/2018,52.68
2/1/2018,49.87
2/2/2018,48.29
2/5/2018,44.06
2/6/2018,43.91
2/7/2018,43.33
2/8/2018,38.97
2/9/2018,42.2
2/12/2018,42.59
2/13/2018,43.51
2/14/2018,42.69
2/15/2018,44.11
2/16/2018,45.21
2/19/2018,45.21
2/20/2018,43.58
2/21/2018,41.08
2/22/2018,42.63
2/23/2018,45.14
2/26/2018,45.69
2/27/2018,42.42
2/28/2018,42.18
3/1/2018,41.77
3/2/2018,41.47
3/5/2018,43.33
3/6/2018,44.01
3/7/2018,44.8
3/8/2018,45.47
3/9/2018,46.45
3/12/2018,47.25
3/13/2018,47.55
3/14/2018,47.75
3/15/2018,47.65
3/16/2018,48.54
3/19/2018,47.17
3/20/2018,46.9
3/21/2018,45.66
3/22/2018,45.01
3/23/2018,42.62
3/26/2018,44.52
3/27/2018,44.8
3/28/2018,47.82
3/29/2018,47.71
3/30/2018,47.71
4/2/2018,45.72
4/3/2018,46.52
4/4/2018,48.24
4/5/2018,48.32
4/6/2018,47.02
4/9/2018,46.82
4/10/2018,46.2
4/11/2018,46.46
4/12/2018,44.82
4/13/2018,45.55
4/16/2018,46.35
4/17/2018,48.19
4/18/2018,47.91
4/19/2018,45.59
4/20/2018,44.29
4/23/2018,44.37
4/24/2018,44.69
4/25/2018,44.26
4/26/2018,46.04
4/27/2018,48.13
4/30/2018,47.66
5/1/2018,48.78
5/2/2018,48.34
5/3/2018,48.33
5/4/2018,49.93
5/7/2018,50.51
5/8/2018,49.59
5/9/2018,50.61
5/10/2018,52.01
5/11/2018,51.33
5/14/2018,50.13
5/15/2018,47.74
5/16/2018,47.38
5/17/2018,46.66
5/18/2018,46.86
5/21/2018,48.5
5/22/2018,48.7
5/23/2018,50.12
5/24/2018,49.67
5/25/2018,50.32
5/28/2018,50.32
5/29/2018,50.8
5/30/2018,52.93
5/31/2018,52.42
6/1/2018,53.07
6/4/2018,54.58
6/5/2018,54
6/6/2018,54.46
6/7/2018,54.38
6/8/2018,55.07
6/11/2018,54.88
6/12/2018,55.87
6/13/2018,52.61
6/14/2018,54.03
6/15/2018,53.83
6/18/2018,53.84
6/19/2018,53.8
6/20/2018,55.48
6/21/2018,56.32
6/22/2018,57.55
6/25/2018,57.22
6/26/2018,57.8
6/27/2018,57.21
6/28/2018,58.69
6/29/2018,59.02
7/2/2018,58.25
7/3/2018,59.18
7/4/2018,59.18
7/5/2018,61.29
7/6/2018,61.98
7/9/2018,60.58
7/10/2018,61.16
7/11/2018,60.65
7/12/2018,61.01
7/13/2018,60.57
7/16/2018,59.67
7/17/2018,58.62
7/18/2018,57.81
7/19/2018,59.56
7/20/2018,58.03
7/23/2018,57.7
7/24/2018,57.02
7/25/2018,58.33
7/26/2018,58.95
7/27/2018,57.39
7/30/2018,57.47
7/31/2018,60.26
8/1/2018,61.25
8/2/2018,60.55
8/3/2018,62.45
8/6/2018,62.27
8/7/2018,61.93
8/8/2018,61.08
8/9/2018,61.23
8/10/2018,59.7
8/13/2018,59.64
8/14/2018,60.52
8/15/2018,61.76
8/16/2018,63
8/17/2018,64.63
8/20/2018,64.71
8/21/2018,63.51
8/22/2018,62.55
8/23/2018,62.17
8/24/2018,63.13
8/27/2018,62.88
8/28/2018,64.81
8/29/2018,64.65
8/30/2018,63.77
8/31/2018,64.41
9/3/2018,64.41
9/4/2018,62.7
9/5/2018,63.66
9/6/2018,64.14
9/7/2018,62.2
9/10/2018,63
9/11/2018,62.93
9/12/2018,63.07
9/13/2018,64.07
9/14/2018,62.82
9/17/2018,63.45
9/18/2018,62.55
9/19/2018,60.73
9/20/2018,62.21
9/21/2018,62.04
9/24/2018,58.98
9/25/2018,58.9
9/26/2018,57.07
9/27/2018,57.66
9/28/2018,59.93
10/1/2018,58.43
10/2/2018,57.98
10/3/2018,56.47
10/4/2018,55.3
10/5/2018,55.27
10/8/2018,57.43
10/9/2018,57.92
10/10/2018,55.48
10/11/2018,50.97
10/12/2018,50.65
10/15/2018,51.53
10/16/2018,54.57
10/17/2018,54.17
10/18/2018,53.99
10/19/2018,55.41
10/22/2018,53.31
10/23/2018,54.18
10/24/2018,55.71
10/25/2018,57.69
10/26/2018,53.64
10/29/2018,55.81
10/30/2018,58.1
10/31/2018,55.92
11/1/2018,56.84
11/2/2018,55.49
11/5/2018,58.12
11/6/2018,58.91
11/7/2018,60.81
11/8/2018,60.99
11/9/2018,61.02
11/12/2018,61.2
11/13/2018,61.29
11/14/2018,61.1
11/15/2018,59.88
11/16/2018,61.92
11/19/2018,62.31
11/20/2018,60.31
11/21/2018,60.28
11/22/2018,60.28
11/23/2018,59.82
11/26/2018,60.22
11/27/2018,60.93
11/28/2018,62.44
11/29/2018,62.6
11/30/2018,64.23
12/3/2018,64.87
12/4/2018,62.36
12/5/2018,62.36
12/6/2018,66.65
12/7/2018,64.27
12/10/2018,63.37
12/11/2018,63.53
12/12/2018,60.59
12/13/2018,61.76
12/14/2018,61.45
12/17/2018,55.42
12/18/2018,56.9
12/19/2018,55.18
12/20/2018,53.19
12/21/2018,50.91
12/24/2018,45.17
12/25/2018,45.17
12/26/2018,50.17
12/27/2018,50.42
12/28/2018,50.88
12/31/2018,51.13
