Date,(INDEX) S&P Composite 1500 / Consumer Discretionary - SEC - Total Return    ,(INDEX) S&P Composite 1500 / Communication Services -SEC - Total Return    ,(INDEX) S&P Composite 1500 / Consumer Staples - SEC - Total Return    ,(INDEX) S&P Composite 1500 / Energy - SEC - Total Return    ,(INDEX) S&P Composite 1500 / Financials - SEC - Total Return    ,(INDEX) S&P Composite 1500 / Health Care - SEC - Total Return    ,(INDEX) S&P Composite 1500 / Industrials - SEC - Total Return    ,(INDEX) S&P Composite 1500 / Information Technology - SEC - Total Return    ,(INDEX) S&P Composite 1500 / Materials - SEC - Total Return    ,(INDEX) S&P Composite 1500 Real Estate - SEC - Total Return    ,(INDEX) S&P Composite 1500 / Utilities - SEC - Total Return    
12/30/2013,0,0,0,0,0,0,0,0,0,0,0
12/31/2013,0.37,-0.08,-0.03,0.92,0.34,0,0.43,0.71,0.26,-0.49,0.23
1/1/2014,0.37,-0.08,-0.03,0.92,0.34,0,0.43,0.71,0.26,-0.49,0.23
1/2/2014,-0.16,-0.68,-1.12,-0.44,-0.23,-0.58,-0.87,-0.36,-0.48,-0.66,-1.34
1/3/2014,-0.35,-1.31,-1.27,-0.69,0.39,-0.35,-0.55,-0.71,-0.58,0.02,-1.57
1/6/2014,-0.98,-0.86,-1.68,-0.67,0.46,-0.75,-1.22,-1,-1.22,0.41,-1.55
1/7/2014,-0.45,-0.3,-1.12,0.16,0.61,0.32,-0.68,-0.05,-1.25,0.79,-0.61
1/8/2014,-0.6,-0.92,-1.81,-0.53,0.86,1.17,-0.74,0.06,-0.71,0.55,-1.13
1/9/2014,-0.77,-2.75,-1.41,-0.9,1.17,1.9,-0.33,-0.47,-1.03,0.58,-0.58
1/10/2014,-0.39,-2.39,-1.24,-0.71,1.11,2.34,-0.02,-0.26,-0.59,1.8,0.81
1/13/2014,-2.36,-3.45,-1.89,-2.63,-0.31,1.55,-1.16,-1.33,-1.89,1.06,-0.16
1/14/2014,-1.59,-3.04,-1.31,-1.5,0.48,2.86,-0.1,0.52,-0.56,1.82,-0.03
1/15/2014,-1.37,-1.62,-1.27,-1.78,1.58,2.8,0.65,1.7,0.05,2.32,-0.21
1/16/2014,-1.84,-1.23,-1.25,-1.7,1.03,3.05,0.37,1.63,0.15,2.55,0.39
1/17/2014,-2.34,-1.75,-2.04,-1.76,0.71,2.97,-0.14,1.06,-0.15,2.12,0.4
1/20/2014,-2.34,-1.75,-2.04,-1.76,0.71,2.97,-0.14,1.06,-0.15,2.12,0.4
1/21/2014,-2.55,-2.44,-1.68,-1.21,0.92,3.48,-0.06,1.55,0.36,2.9,1.55
1/22/2014,-2.23,-3.13,-1.67,-0.85,1.11,3.54,0.22,1.61,-0.36,3.22,1.7
1/23/2014,-2.93,-2.17,-2.56,-2,-0.45,2.81,-0.84,1.17,-1.64,2.72,1.41
1/24/2014,-4.83,-3.15,-3.5,-4.05,-2.68,0.41,-3.97,-0.95,-4.38,1.2,0.27
1/27/2014,-5.23,-3.05,-3.79,-4.45,-3.33,-0.44,-3.95,-1.99,-4.84,0.76,0.44
1/28/2014,-4.52,-3.04,-3.12,-3.67,-2.19,0.82,-3.11,-2.45,-4.26,1.78,0.82
1/29/2014,-6.09,-3.51,-4.89,-4.26,-3.23,-0.09,-4.15,-3.38,-3.87,1.22,0.73
1/30/2014,-4.5,-3.3,-4.65,-4.04,-1.94,1.67,-3.33,-1.92,-3.42,2.81,2.34
1/31/2014,-5.58,-3.18,-5.06,-5.42,-2.97,0.87,-3.81,-1.84,-3.86,3.2,3.07
2/3/2014,-8.19,-6.75,-7.21,-7.17,-5.49,-1.32,-6.64,-4.11,-6.34,1.3,2.07
2/4/2014,-7.16,-5.71,-6.67,-6.43,-4.52,-0.36,-5.95,-3.55,-5.54,2.45,1.52
2/5/2014,-7.06,-6.32,-6.62,-7.26,-4.63,-0.83,-6.12,-3.59,-5.41,2.31,1.02
2/6/2014,-5.11,-6.26,-5.46,-5.82,-3.31,-0.36,-4.83,-2.33,-3.97,3.24,1.73
2/7/2014,-3.93,-5.58,-4.6,-4.83,-2.17,1.34,-3.35,-0.94,-2.67,4.05,2.4
2/10/2014,-3.99,-5.23,-4.16,-5.44,-1.99,2.24,-3.9,-0.63,-2.28,5.03,3.09
2/11/2014,-3.29,-4.06,-3.11,-4.04,-1.03,3.57,-2.82,0.45,-1.11,5.5,4.02
2/12/2014,-3.24,-3.83,-3.55,-4.21,-1.02,3.52,-2.39,0.82,-1.04,5.41,4.11
2/13/2014,-2.76,-2.87,-3.08,-3.7,-0.61,4.36,-2.1,1.76,-0.1,5.87,5.36
2/14/2014,-2.26,-3.88,-2.53,-2.31,-0.44,4.68,-1.41,2,0.62,6.27,6.04
2/17/2014,-2.26,-3.88,-2.53,-2.31,-0.44,4.68,-1.41,2,0.62,6.27,6.04
2/18/2014,-2.18,-4.73,-3.09,-1.95,-0.2,5.67,-1.54,2.29,0.72,6.71,6.41
2/19/2014,-2.92,-4.3,-3.4,-1.98,-1.46,4.99,-2.42,1.76,-0.06,6.75,5.74
2/20/2014,-2.37,-2.44,-2.84,-1.27,-1.2,5.97,-1.45,2.17,0.89,6.66,6.65
2/21/2014,-2.12,-3.73,-3.04,-1.93,-1.12,5.81,-1.49,1.83,0.76,6.71,6.81
2/24/2014,-1.56,-4.97,-2.68,-0.39,-0.34,6.6,-0.75,2.38,0.31,6.9,6.46
2/25/2014,-1.03,-5.21,-2.35,-0.45,-0.88,6.29,-1.13,2.06,0.61,6.94,6.42
2/26/2014,-0.34,-5.54,-2.51,-1.05,-0.9,6.31,-0.95,2.29,1.48,7.21,6.08
2/27/2014,0.05,-4,-2.08,-1.04,-0.4,6.84,-0.36,2.97,2.19,7.01,5.85
2/28/2014,0.33,-4.23,-1.43,-0.5,0.16,6.77,-0.08,2.83,2.61,7.77,6.53
3/3/2014,-0.5,-4.59,-1.93,-1.06,-0.67,6.03,-0.81,1.97,2.3,7.66,5.49
3/4/2014,0.85,-3.5,-0.55,-0.02,1.3,8.04,0.82,3.64,3.95,9.11,6.41
3/5/2014,1.09,-4.01,-0.78,-1.11,1.89,7.83,0.96,3.72,4.15,8.82,5.66
3/6/2014,1.41,-3.66,-0.82,-0.51,2.5,7.13,1.56,3.71,4.55,8.32,5.07
3/7/2014,1.4,-3.69,-0.65,-0.14,2.93,6.96,1.82,3.42,4.26,7.27,5.27
3/10/2014,1.06,-3.97,-0.54,0.03,2.94,7.32,1.31,3.23,4.02,6.75,5.13
3/11/2014,0.53,-4.65,-0.56,-1.18,2.28,6.99,0.55,2.93,3.03,7.4,4.73
3/12/2014,0.46,-4.83,-0.34,-1.09,2.23,7.02,0.36,3.22,2.91,7.54,6.07
3/13/2014,-0.9,-5.2,-0.92,-2.09,1.11,5.58,-1.12,1.58,2,7.04,7.06
3/14/2014,-0.84,-4.92,-0.84,-1.9,0.67,5.1,-1.39,1.01,2.16,7.23,7.7
3/17/2014,-0.14,-4.07,-0.14,-1.27,1.64,6.03,-0.19,2.29,2.94,7.47,8.38
3/18/2014,0.37,-3.42,0.06,-0.44,2.14,7.32,0.37,3.73,3.65,7.98,8.27
3/19/2014,-0.27,-3.83,-0.82,-1.31,1.85,6.92,-0.51,3.16,2.8,5.89,6.7
3/20/2014,-0.07,-1.49,-0.39,-0.79,3.41,6.89,-0.36,3.81,3.24,6.25,6.66
3/21/2014,-0.66,-1.5,-0.36,-0.48,3.43,5.26,-0.25,3.3,3.7,7.04,7.41
3/24/2014,-1.68,-1.19,-0.48,-0.65,3.16,3.76,-0.68,2.89,2.87,6.47,7.64
3/25/2014,-2.31,-0.62,0.12,0.16,3.2,4.53,0.08,3.56,3.44,7.32,8.1
3/26/2014,-3.13,-0.93,0.02,-0.24,2.18,4.52,-1,2.13,1.89,6.04,7.6
3/27/2014,-3.51,0.22,-0.18,0.62,1.64,4.39,-1.19,1.5,1.69,6.72,8.45
3/28/2014,-2.7,0.18,0.21,1.9,2.05,3.99,-0.47,1.94,2.34,7.5,8.62
3/31/2014,-2.02,0.41,0.85,1.93,3.11,5.38,0.7,2.89,3.57,8.18,9.83
4/1/2014,-0.67,0.72,0.79,2.46,3.59,6.16,1.49,4.28,4.36,8.68,9.18
4/2/2014,-0.04,1.17,0.94,2.83,3.75,6.57,2.12,4.3,5.02,8.73,9
4/3/2014,-0.58,1.81,1,3.35,3.61,6.25,2.18,3.66,5.09,8.51,9.33
4/4/2014,-2.29,1.59,0.5,2.9,2.39,4.53,0.9,1.32,3.8,8.8,9.8
4/7/2014,-4.23,1.52,0.75,1.36,0.98,3.4,-0.57,0.48,2.14,9.11,9.49
4/8/2014,-3.29,2.53,1.16,2.33,1.15,2.71,-0.51,1.33,2.6,9.75,11.03
4/9/2014,-2.28,1.83,1.63,2.83,1.89,4.85,0.82,2.94,4.07,9.53,10.78
4/10/2014,-4.67,1.48,0.68,1.43,-0.42,1.52,-1.13,0.3,1.98,8.51,10.29
4/11/2014,-5.98,1.09,0.15,1.17,-1.52,0.39,-2.16,-0.96,0.8,7.75,10.11
4/14/2014,-5.27,1.64,0.89,2.49,-0.79,0.9,-1.63,-0.01,1.59,8.46,10.87
4/15/2014,-5.14,1.75,1.19,3.79,0.06,1.93,-1.05,0.48,2.05,9.61,12.29
4/16/2014,-3.9,2.65,2.17,5.04,0.93,2.49,0.5,1.55,3.41,10.39,13.12
4/17/2014,-3.8,3.05,2.29,5.92,1.04,2.48,1.31,1.35,3.72,10.01,11.89
4/18/2014,-3.8,3.05,2.29,5.92,1.04,2.48,1.31,1.35,3.72,10.01,11.89
4/21/2014,-3.53,3.49,2.33,6.6,1.01,3.69,1.62,1.78,3.88,10.5,11.71
4/22/2014,-2.69,3.74,2.21,6.4,1.69,4.74,1.76,2.3,4.23,10.79,11.89
4/23/2014,-3.16,1.57,2.15,6.91,1.88,4.26,2.04,1.41,4.17,10.45,12.01
4/24/2014,-2.71,-0.15,2.42,6.84,1.76,4.08,1.86,2.36,3.72,10.87,12.68
4/25/2014,-4.27,-0.56,2.55,6.29,0.86,3.33,0.86,0.84,2.89,10.41,13.83
4/28/2014,-4.51,0.84,3.72,6.53,0.38,3.87,0.88,1.6,2.31,11.28,14.41
4/29/2014,-4.08,1.5,3.29,7.01,1.21,4.54,1.19,2.28,3.06,11.28,13.89
4/30/2014,-3.64,1.88,3.65,7.02,1.48,4.71,1.88,2.62,3.84,11.7,14.12
5/1/2014,-3.31,2.27,3.49,6.61,1.56,4.92,1.65,2.61,3.33,12.45,14.51
5/2/2014,-2.98,2.19,3.48,6.97,1.61,4.17,1.62,2.42,3.85,12.5,12.35
5/5/2014,-2.96,2.65,3.38,7.43,1.21,4.75,1.72,2.79,4.16,13.09,13.21
5/6/2014,-4.29,2.28,2.7,7.56,-0.14,3.81,0.88,1.57,3.57,12.58,12.66
5/7/2014,-4.45,3.26,3.75,8.45,1.18,4.12,1.72,1.39,4.37,14.01,14.48
5/8/2014,-4.28,4.74,3.85,6.91,1.37,3.55,1.65,1.48,3.89,14.12,13.23
5/9/2014,-3.67,4.83,4.35,6.88,1.32,4.19,1.76,1.69,3.89,14.1,11.76
5/12/2014,-2.36,4.72,4.46,7.57,2.41,5.34,3.36,3.32,5.44,14.41,10.83
5/13/2014,-2.72,3.97,4.67,7.9,2.17,5.47,3.44,3.37,5.32,13.69,10.96
5/14/2014,-3.8,4.44,4.07,7.92,1.35,5.44,2.49,2.69,5.22,13.93,11.52
5/15/2014,-4.51,4.57,3.16,6.65,0.28,4.46,1.51,1.9,3.77,13.73,11.13
5/16/2014,-3.81,6.05,3.81,6.39,0.43,4.83,1.76,2.57,4.16,14.66,11.51
5/19/2014,-3.39,5.68,3.58,6.77,1,5.53,2.23,3.47,4.65,14.19,9.86
5/20/2014,-4.35,3.91,3.13,6.48,0.3,4.86,0.85,2.88,3.86,13.79,9.86
5/21/2014,-3.29,4,3.8,7.71,1.02,5.67,1.71,3.69,4.39,13.39,9.9
5/22/2014,-2.74,4.51,3.66,7.55,1.39,6.3,2.02,3.89,4.62,13.16,10.8
5/23/2014,-1.95,4.78,3.82,7.38,1.71,6.44,2.76,4.93,5.54,14.07,10.63
5/26/2014,-1.95,4.78,3.82,7.38,1.71,6.44,2.76,4.93,5.54,14.07,10.63
5/27/2014,-1.45,4.53,4.18,7.66,2.69,7.05,3.33,5.97,5.62,14.89,11.5
5/28/2014,-1.63,4.95,4.1,7.81,2.41,6.73,3.4,5.64,5.57,14.28,12.16
5/29/2014,-1.24,4.97,5.03,8.61,2.64,7.51,3.75,6.3,6.59,14.54,12.28
5/30/2014,-1.16,5.31,5.74,8.45,2.81,7.73,3.74,6.3,6.46,15.1,13.1
6/2/2014,-0.88,5.3,5.48,8.23,3.16,7.89,4.13,6.1,6.86,15.25,13
6/3/2014,-1.04,4.3,5.16,8.59,3.25,8.09,3.9,6.01,6.61,15.05,13.26
6/4/2014,-0.56,3.99,5.58,8.47,3.64,8.37,3.88,6.31,6.87,15.27,13.34
6/5/2014,0.13,4.15,5.97,9.16,4.72,8.62,5.1,7.22,7.55,17.17,14.36
6/6/2014,0.73,4.13,6.25,10.11,5.41,8.59,6.11,7.75,8.12,16.79,14.05
6/9/2014,0.87,4.27,6.18,10.25,5.74,8.14,6.77,8.15,7.94,15.48,13.33
6/10/2014,0.6,4.14,6.21,10.1,5.62,8.32,6.5,8.28,8.02,14.71,12.97
6/11/2014,0.27,3.68,5.84,10.5,4.95,8.23,5.67,8.07,7.43,14.41,11.6
6/12/2014,-0.97,3.36,5.11,10.91,4.4,7.7,4.4,7.09,6.48,14.03,11.95
6/13/2014,-0.94,4.01,5.1,12.02,4.42,7.66,4.73,7.79,6.96,14.31,12.64
6/16/2014,-0.61,4.2,5.47,12.57,3.97,7.81,4.58,7.84,6.8,13.72,13.44
6/17/2014,-0.24,4.14,5.51,12.4,4.97,7.8,4.85,8.21,7.14,13.97,13.32
6/18/2014,0.49,4.73,6.71,13.26,5.63,8.64,5.38,8.71,8.21,14.69,15.68
6/19/2014,0.31,5.02,7.37,13.95,5.49,8.98,5.63,8.5,8.1,15.49,16.66
6/20/2014,-0.03,4.9,7.01,15.02,5.83,9.92,6.04,8.21,8.73,15.87,16.03
6/23/2014,0.08,5.24,6.41,15.45,6.03,9.58,5.43,8.48,8.83,15.6,15.72
6/24/2014,-0.19,4.56,5.98,13.11,5.33,9.54,4.4,7.86,7.79,15.74,16
6/25/2014,0.67,4.65,5.92,13.88,5.49,10.68,4.63,8.48,8.64,15.68,16.62
6/26/2014,0.72,4.45,5.53,13.97,5.19,10.71,4.44,8.34,8.49,15.49,16.88
6/27/2014,1.04,4.72,5.69,13.93,5.49,10.56,4.81,8.99,8.36,16.23,17.34
6/30/2014,1.06,4.37,5.69,14.01,5.53,10.2,4.52,9.22,8.86,16.17,18.32
7/1/2014,2.11,4.99,5.99,14.11,6.23,11.69,5.17,10.43,9.23,16.55,17.26
7/2/2014,2.17,5.46,6.2,13.97,6.09,12.4,4.97,10.4,9.26,16.3,15.03
7/3/2014,2.99,5.78,6.79,14.38,6.86,12.87,5.83,11.01,10.04,15.91,13.86
7/4/2014,2.99,5.78,6.79,14.38,6.86,12.87,5.83,11.01,10.04,15.91,13.86
7/7/2014,2.28,6.02,6.84,13.64,6.32,11.94,5,10.85,9.02,16.13,14.23
7/8/2014,1.25,5.57,6.66,13.45,5.47,10.9,4.22,9.7,8.65,16.43,14.92
7/9/2014,2.41,5.87,7.08,14.16,5.73,11.3,4.35,10.19,9.04,16.65,14.71
7/10/2014,1.43,6.69,6.97,13.03,5.11,11.26,3.7,9.8,8.38,17,15.38
7/11/2014,1.65,7.48,7.07,12.13,5.22,11.43,4.18,10.22,8.57,17.02,14.56
7/14/2014,1.91,7.85,7.48,13.13,5.81,11.86,4.82,11.03,8.6,17.54,13.3
7/15/2014,1.49,8.52,6.61,12.6,6.43,10.85,4.78,10.75,8.25,17.57,13.78
7/16/2014,1.68,9.12,6.6,14.32,6.26,10.54,5.25,11.69,8.9,17.95,14.12
7/17/2014,0.73,7.82,5.88,12.55,4.95,9.34,3.66,10.24,8.25,17.23,12.96
7/18/2014,1.68,8.51,6.92,12.91,6.07,11.11,4.56,11.75,9.1,18.46,14.24
7/21/2014,1.17,8.16,6.45,13.06,5.8,10.66,4.31,11.66,8.71,17.94,14.08
7/22/2014,1.66,8.51,6.27,13.93,6.12,11.6,4.89,12.62,8.99,18.48,13.91
7/23/2014,1.57,8.38,6.15,14.55,6.33,12.45,4.49,12.69,9.43,18.62,13.82
7/24/2014,1.88,8.12,6.55,14.66,6.62,12.28,4,12.7,9.31,18.55,14.15
7/25/2014,0.71,8.36,6.07,13.78,6,11.88,3.61,12.35,9.48,17.58,13.18
7/28/2014,0.84,8.84,5.53,13.6,6.02,12,3.05,12.51,9.67,18.41,14.76
7/29/2014,0.55,11.22,4.97,13.19,5.41,12,1.9,12.01,8.87,17.68,13.64
7/30/2014,1.07,10.58,3.94,12.6,5.84,12.51,2,12.36,8.47,17.75,11.89
7/31/2014,-0.79,8.1,2.15,9.85,3.74,10.23,-0.06,10.09,6.26,15.94,10.04
8/1/2014,-1.1,7.09,2.94,9.07,2.89,10.16,-0.17,9.66,6.32,15.71,10.44
8/4/2014,-0.11,7.67,3.35,10.83,3.65,10.7,0.17,10.42,7.52,16.4,9.82
8/5/2014,-0.73,6.79,2.87,8.47,2.7,9.78,-0.32,9.53,6.54,15.28,8.49
8/6/2014,-0.94,5.39,3.79,8.9,3.15,9.65,-0.7,9.4,7.25,15.51,7.26
8/7/2014,-1.42,4.34,3.02,8.18,2.67,8.38,-0.69,8.97,6.37,15.76,8.33
8/8/2014,0.08,4.83,4,10.05,3.62,9.56,0.71,9.74,7.52,16.55,10.48
8/11/2014,0.55,4.91,4.82,10.06,3.84,9.58,1.2,10.41,7.55,17.17,10.14
8/12/2014,0.16,5.38,4.64,9.31,3.93,9.43,0.92,10.15,7.69,16.92,10.06
8/13/2014,0.49,5.5,4.94,9.69,4.57,10.73,1.83,11.35,8.32,18.4,10.58
8/14/2014,1.28,5.86,5.38,9.11,5.06,11.98,2.31,11.49,8.44,18.48,11.62
8/15/2014,1.11,5.45,5.49,9.82,4.64,12.08,2.04,11.6,8.58,18.41,12
8/18/2014,2.1,5.34,6.12,10.17,5.81,12.97,3.65,12.81,9.72,19.65,11.87
8/19/2014,2.88,5.06,6.38,10.97,5.98,13.75,3.96,13.65,10.12,19.96,13.21
8/20/2014,3.36,5.27,6.41,11.19,6.26,13.73,4.81,13.67,10.16,20.36,13.49
8/21/2014,3.27,5.48,6.52,11.21,7.34,13.83,4.82,14.28,10.01,20.32,13.75
8/22/2014,3.44,5.09,6.33,10.51,6.97,13.93,4.43,14.29,9.66,19.42,13.43
8/25/2014,3.76,5.7,6.89,11.4,7.74,14.7,4.79,14.28,10.04,19.26,14.09
8/26/2014,3.85,5.77,6.83,12.01,8.06,15.21,4.52,14.43,10.34,19.35,12.88
8/27/2014,3.95,6.35,6.92,11.92,7.9,15.2,4.5,14.33,10.32,19.55,14.06
8/28/2014,3.73,6.33,6.91,11.88,7.46,15.04,4.2,14.08,10.3,19.42,14.76
8/29/2014,3.76,7.08,7.05,12.5,8.01,15.55,4.25,14.67,10.58,19.98,15.59
9/1/2014,3.76,7.08,7.05,12.5,8.01,15.55,4.25,14.67,10.58,19.98,15.59
9/2/2014,4.04,6.82,7.01,11.08,8.43,15.59,4.56,14.89,10.32,20.01,14.51
9/3/2014,3.71,7.11,7.17,11.4,8.31,15.98,4.43,14.1,10.53,20.18,15.11
9/4/2014,4.12,6.91,7.39,9.87,8.27,15.37,4.5,13.96,10.42,19.88,15.07
9/5/2014,4.51,7.5,7.98,10.63,8.49,15.99,4.84,14.67,10.88,21.11,16.47
9/8/2014,4.06,6.84,7.34,8.92,8.51,16.12,4.8,14.85,10.38,20.88,15.8
9/9/2014,3.06,5.61,7.04,8.39,7.47,15.73,4.27,14.04,9.42,20.16,14.44
9/10/2014,3.41,5.38,7.51,8.14,7.86,16.48,4.39,14.97,9.44,18.46,13.96
9/11/2014,3.53,6,7.62,8.28,8.21,16.25,4.56,15.17,9.56,18.63,14.96
9/12/2014,3.19,4.76,6.9,6.63,7.89,15.42,4.1,14.64,8.86,15.07,12.83
9/15/2014,2.76,5.13,7.33,7.38,7.84,15.02,4,13.83,8.97,14.68,13.06
9/16/2014,3.24,5.92,8.13,8.65,8.19,16.49,4.55,14.6,9.56,15.65,14.4
9/17/2014,3.28,6.4,7.97,8.13,8.65,16.61,4.95,14.77,10.15,15.68,14.09
9/18/2014,3.67,7.13,8.22,7.6,9.68,17.49,5.51,15.56,10.77,14.78,13.3
9/19/2014,3.65,8.22,8.42,7.57,9.25,17.56,5.25,15.05,10.48,14.81,14.16
9/22/2014,2.13,8.05,8.22,6.05,8.44,16.88,4.01,14.1,10.1,13.9,13.28
9/23/2014,1.3,7.39,7.29,5.73,7.64,16.2,3.12,13.78,9.46,13.14,12.78
9/24/2014,2.3,7.71,8.6,5.8,8.23,18.13,3.6,14.56,10.37,13,12.48
9/25/2014,0.88,6.66,7.23,4.15,6.55,16.29,2.08,11.98,8.67,12.39,11.8
9/26/2014,1.93,7.13,7.65,5.51,7.61,16.64,2.97,13.31,9.59,13.72,12.04
9/29/2014,1.44,7.07,7.61,5.09,7.2,16.47,2.61,13.24,9.06,13.71,12.61
9/30/2014,0.82,7.41,7.63,3.78,6.94,15.72,2.33,13.4,7.75,13.23,12.72
10/1/2014,-0.46,6.31,6.97,1.8,5.79,14.58,0.42,11.52,5.27,13.23,13.19
10/2/2014,0.01,6.23,7.12,1.38,6.07,14.39,0.42,11.61,5.04,13.24,13.12
10/3/2014,1.32,7.24,8.3,1.28,7.48,16.58,1.67,12.48,5.27,13.95,13.83
10/6/2014,0.74,7.67,8.36,1.4,7.31,16.09,1.35,12.37,5.17,14.18,13.85
10/7/2014,-0.74,6.91,7.82,0.04,5.43,14.27,-1,10.48,3.35,13.26,13.72
10/8/2014,0.78,8.18,9.36,1.03,7.37,17.07,0.68,12.64,4.79,15.66,16.22
10/9/2014,-1.47,6.19,8.29,-2.73,5.26,14.76,-1.72,10.65,1.95,15.49,14.22
10/10/2014,-2.36,5.47,8.76,-3.96,4.48,13.92,-3.18,7.47,0.32,15.6,14.8
10/13/2014,-4.31,4.16,7.29,-6.76,3.72,11.34,-4.65,6.16,-2.06,15.45,14.73
10/14/2014,-3.57,4.2,7.27,-7.91,4.33,10.56,-3.39,6.55,-1.6,17.41,15.93
10/15/2014,-4.19,3.94,6.04,-7.4,2.42,9.72,-3.47,5.93,-0.87,16.65,14.45
10/16/2014,-3.96,3.43,5.29,-5.75,2.51,9.3,-2.66,5.45,0.2,16.86,14.57
10/17/2014,-3.03,4.52,6.47,-5,3.67,10.99,-0.93,6.68,1.48,17.35,15.21
10/20/2014,-1.67,5.31,8.02,-4.24,4.38,12.32,-0.61,7.4,2.98,19.07,16.91
10/21/2014,0.13,6.1,8.49,-1.43,6.31,15.26,1.68,9.73,5.42,20.31,17.47
10/22/2014,-0.73,5.58,8.69,-3.17,5.44,14.62,0.34,9,4.34,20.14,18.13
10/23/2014,0.63,4.45,8.64,-1.37,6.44,16.57,2.51,10.75,4.8,21.1,18.46
10/24/2014,0.57,5.28,9.51,-1.7,7.27,18.17,3.31,11.61,5.49,21.06,19.46
10/27/2014,0.77,6.37,9.77,-3.76,7.49,18.32,3.28,11.65,3.38,21.77,19.26
10/28/2014,1.97,7.43,10.27,-1.5,8.75,19.26,5.17,13.4,4.73,22.23,20.25
10/29/2014,1.64,7.38,10.15,-1.31,9,19.28,4.69,13.24,3.5,21.8,19.59
10/30/2014,2.27,7.69,10.76,-1.63,9.54,21.34,5.04,13.56,4.1,22.9,22.07
10/31/2014,3.24,8.55,11.55,0.4,10.89,22,6.24,15.56,6.05,23.97,22.12
11/3/2014,3.26,8.74,11.92,-1.34,11.25,22.06,6.01,16.01,5.31,25.16,22.91
11/4/2014,2.09,8.54,12.5,-3.35,11.37,22.14,5.94,16.06,4.27,25.32,22.16
11/5/2014,2.54,8.75,13.29,-1.67,12.07,21.95,6.52,16.4,5.14,25.14,24.85
11/6/2014,3.52,7.84,13.55,-0.44,12.14,22.65,7.69,16.5,6.03,24.43,22.82
11/7/2014,3.33,8.72,13.83,0.81,12.22,21.33,7.81,16.46,6.72,24.36,24.08
11/10/2014,3.34,8.95,14.34,-0.11,12.79,22.52,8.31,16.81,6.89,25.22,24.68
11/11/2014,3.71,8.85,14.13,0.18,12.51,22.98,8.17,16.94,7.26,24.71,24.26
11/12/2014,4.34,9.67,14.18,-0.69,12.3,22.87,8.41,17.26,7.6,23.98,22.13
11/13/2014,4.82,10.46,14.71,-2.07,12.21,22.76,8.06,17.8,7.42,24.59,21.06
11/14/2014,5.2,11.17,14.01,-1.1,11.77,21.78,8.11,18.51,7.71,23.65,20.56
11/17/2014,5,10.96,14.69,-1.55,11.75,22.37,7.94,18.25,7.67,24.12,22.04
11/18/2014,5.16,10.72,15.12,-1.52,12.01,24.25,8.73,18.85,8.77,24.74,22.39
11/19/2014,5.64,9.54,15.61,-1.03,11.72,23.57,8.38,18.06,8.38,23.95,22.32
11/20/2014,6.18,9.12,15.1,0.14,11.85,23.16,8.65,18.82,9.08,24.27,22.06
11/21/2014,6.4,9.23,15.62,1.4,12.37,23.71,9.64,19.11,10.26,25.23,22.54
11/24/2014,7.45,7.74,15.51,0.66,13.09,24.38,10.01,20,9.89,25.67,21.56
11/25/2014,7.72,7.57,15.66,-0.98,12.93,24.45,10.2,20.08,9.61,25.97,21.56
11/26/2014,7.78,8.89,16.18,-2.13,13.2,25.3,10.05,21.13,9.68,26.98,22.13
11/27/2014,7.78,8.89,16.18,-2.13,13.2,25.3,10.05,21.13,9.68,26.98,22.13
11/28/2014,8.98,9.82,17.55,-8.47,13.14,25.98,9,21.47,7.05,27.37,23.23
12/1/2014,7.73,8.75,16.84,-7.96,12.27,25.66,7.5,20.1,5.89,27.03,23.35
12/2/2014,8.13,6.81,17.27,-6.8,13.35,27.01,8.36,20.49,6.55,27.44,24.23
12/3/2014,8.44,5.96,16.52,-5.68,13.86,27.3,9.76,21.13,8.26,27.23,24
12/4/2014,8.24,5.78,16.39,-6.5,13.98,27.11,9.24,21.24,8.48,27.48,24.02
12/5/2014,8.48,5.6,16.57,-7.66,15.04,28.05,9.48,21.15,8.41,26.77,23.12
12/8/2014,7.57,5.67,16.3,-11.3,15.46,28.52,8.21,19.62,6.73,27.55,24.02
12/9/2014,7.54,2.35,15.96,-10.42,15.31,28.15,8.43,20.27,7.21,28.08,24.8
12/10/2014,5.97,0.86,14.81,-13.2,13.71,26.07,6.29,18.26,4.86,27.81,23.14
12/11/2014,6.84,1.47,15.75,-13.19,14.12,26.52,6.77,18.87,4.88,27.96,24.36
12/12/2014,6.23,-0.44,14.28,-15.04,11.91,24.54,4.79,17.01,2.05,26.8,23.04
12/15/2014,5.66,-0.47,13.52,-15.69,10.96,23.56,4.5,16.3,1.41,25.52,21.91
12/16/2014,4.05,-0.42,13.04,-15.02,10.02,22.11,4.46,14.71,0.91,25.03,21.75
12/17/2014,6.07,1.43,14.7,-11.36,12.53,24.46,5.65,16.97,3.74,27.7,24.11
12/18/2014,7.75,3.32,17.01,-9.55,15.08,27.82,8.24,20.42,5.82,28.97,26.48
12/19/2014,8,3.35,16.79,-6.67,15.12,28.35,8.75,20.54,6.98,29.19,26.46
12/22/2014,8.94,4.41,17.86,-7.65,15.86,27.04,9.72,21.83,6.92,31.19,26.89
12/23/2014,9.6,4.81,18.75,-6.5,16.5,24.4,10.3,22.16,7.73,30.82,27.32
12/24/2014,9.43,4.73,18.56,-7.26,16.31,25.22,10.38,22.11,7.51,30.31,29.52
12/25/2014,9.43,4.73,18.56,-7.26,16.31,25.22,10.38,22.11,7.51,30.31,29.52
12/26/2014,10.02,5.29,18.8,-7.31,16.35,26.15,10.47,22.6,7.94,30.7,31.06
12/29/2014,10.81,4.91,18.41,-7.05,16.84,26.46,10.56,22.02,7.95,31.29,32.92
12/30/2014,10.4,4.51,17.92,-7.64,16.71,26.02,10.05,21.19,7.79,31.04,30.12
12/31/2014,10.01,3.21,16.48,-8.32,15.27,24.79,8.94,19.8,6.69,28.92,27.73
1/1/2015,10.01,3.21,16.48,-8.32,15.27,24.79,8.94,19.8,6.69,28.92,27.73
1/2/2015,9.18,3.75,16.05,-7.91,15.38,25.2,8.73,19.62,6.81,30.75,28.41
1/5/2015,7.2,2.65,15.14,-11.62,13.17,24.42,6.21,17.5,4.01,31.17,26.68
1/6/2015,6.12,2.97,15.08,-12.83,11.58,24.07,4.89,15.99,3.1,32.36,26.71
1/7/2015,7.91,2.75,17.08,-12.59,12.84,26.84,5.51,17.01,3.94,34.34,28.01
1/8/2015,9.48,4.34,18.86,-10.66,14.44,29.02,7.58,19.66,6.41,34.93,29.03
1/9/2015,8.27,3.65,17.91,-11.37,12.95,28.02,6.43,19.29,5.82,35.01,28.06
1/12/2015,7.83,4.23,17.48,-13.91,12.13,27.94,5.71,17.75,5.46,35.87,27.71
1/13/2015,7.64,4.37,17.48,-14.53,11.82,27.5,5.54,17.72,4.45,35.54,28.17
1/14/2015,6.46,3.92,17.17,-14.39,10.42,27.37,4.92,17.09,3.3,36.45,29.42
1/15/2015,4.99,3.89,17.32,-15.49,9.13,25.99,4.23,15.35,2.95,36.71,30.22
1/16/2015,6.38,5.61,18.26,-12.75,10.47,28.35,5.01,16.52,4.57,37.94,31.48
1/19/2015,6.38,5.61,18.26,-12.75,10.47,28.35,5.01,16.52,4.57,37.94,31.48
1/20/2015,5.67,6.06,18.71,-12.71,9.95,28.26,5.67,17.38,4.58,36.94,31.76
1/21/2015,6.32,6.25,19.17,-11.08,10.12,28.38,6.42,17.58,5.51,36.71,32.98
1/22/2015,8.34,5.7,20.49,-10.6,12.87,30.06,8.24,19.87,6.95,39.42,32.54
1/23/2015,8.18,4.44,19.22,-11.41,11.78,29.47,7.5,20.08,5.12,39.15,32.92
1/26/2015,8.88,4,19.27,-10.14,12.43,30.09,7.8,19.73,5.83,40.45,32.89
1/27/2015,8.1,2.82,17.82,-10.24,11.3,29.15,6.5,16.05,5.01,40.22,33.09
1/28/2015,6.74,2.21,16.47,-13.75,9.23,27.32,5.44,15.87,3.25,39.27,31.76
1/29/2015,8.16,2.52,17.38,-13.55,10.22,28.43,6.64,17.09,4.32,39.53,33.53
1/30/2015,6.82,1.94,15.15,-12.84,8.41,26.41,4.95,15.4,3.96,36.87,30.52
2/2/2015,7.71,4.42,16.66,-10.18,10.06,27.17,6.51,16.55,4.84,36.77,31.13
2/3/2015,10.01,6.7,17.67,-7.61,11.91,28.02,8.3,17.86,7.19,38.03,31.8
2/4/2015,10.66,6.79,17.8,-9.12,11.63,26.52,7.4,18.01,6.59,37.29,30.07
2/5/2015,11.29,7.07,18.29,-7.75,12.84,28.57,8.52,19.16,8.93,38.94,31.23
2/6/2015,11.15,9.02,17.76,-7.79,13.41,27.55,8.43,18.5,8.71,35.17,25.91
2/9/2015,10.71,8.73,16.93,-7.55,12.85,26.11,8.15,18.27,8.62,34.46,24.72
2/10/2015,12.06,9.6,18.23,-7.82,13.59,28.06,8.77,20.09,9.33,34.93,27.22
2/11/2015,12.11,9.39,18.87,-8.42,13.53,28.3,8.81,20.58,9.23,34.54,24.51
2/12/2015,13.3,9.25,19.47,-7.04,14.78,28.76,9.79,22.55,11.22,35.98,24.06
2/13/2015,13.93,9.1,18.94,-5.15,14.67,29.42,10.4,23.44,12.18,35.21,22.24
2/16/2015,13.93,9.1,18.94,-5.15,14.67,29.42,10.4,23.44,12.18,35.21,22.24
2/17/2015,13.77,8.98,18.94,-4.97,15.06,30.21,10.51,23.5,12.24,34.86,22.02
2/18/2015,13.74,8.12,19.52,-6.3,14.42,30.44,11.09,23.7,12.51,36.09,24.91
2/19/2015,14.04,7.54,18.8,-6.99,13.84,30.55,11.27,24.18,12.74,33.29,23.66
2/20/2015,14.86,7.62,19.15,-7.3,14.77,31.96,12.27,24.99,13.15,34.63,23.75
2/23/2015,14.8,7.01,19.48,-7.72,14.45,32.42,11.88,25.11,12.98,35.62,24.54
2/24/2015,15.25,7.66,19.84,-7.57,14.85,32.33,12.29,25.4,13.35,32.92,25.27
2/25/2015,16.09,7.87,19.51,-7.12,14.88,32.36,12.3,24.63,13.04,33.23,23.47
2/26/2015,15.72,8.36,19.63,-8.71,14.55,32.74,11.87,25.4,12.48,31.99,22.62
2/27/2015,15.53,8.61,20.08,-9.02,14.11,32.17,11.34,24.72,12.13,32.85,22.49
3/2/2015,16.86,8.71,20.33,-9.69,15.03,33.3,12.34,25.99,12.93,33.6,20.12
3/3/2015,16.53,8.54,19.81,-9.47,14.71,32.15,11.6,24.99,12.14,33.17,20.97
3/4/2015,15.85,7.33,19.01,-9.64,13.88,32.68,10.72,24.57,11.74,31.98,20.17
3/5/2015,15.94,7.24,19.39,-10.18,14.36,33.18,10.83,24.49,11.3,32.54,21.04
3/6/2015,14.56,5.66,17.11,-11.66,13.41,30.76,9.38,23.06,9.79,28.4,17.53
3/9/2015,15.21,5.38,17.66,-12.28,13.97,31.45,10.29,23.67,9.93,29.43,17.69
3/10/2015,13.43,3.78,15.89,-13.58,11.75,29.99,8.33,21.03,8.09,28.93,17.47
3/11/2015,13.04,3.8,15.07,-13.31,12.5,30.06,8.4,20.38,8.24,29.04,16.79
3/12/2015,15.26,5.65,16.76,-13.74,14.93,31.76,9.81,21.07,9.61,31.27,19.01
3/13/2015,14.47,5.09,15.9,-14.17,14.2,31.53,8.82,20.44,8.57,30.84,17.8
3/16/2015,15.68,5.99,17.26,-13.08,15.48,34.35,10.45,21.94,8.5,32.44,19.75
3/17/2015,15.19,5.57,16.48,-13.52,15.32,34,10.13,22.01,7.51,32.17,19.62
3/18/2015,16.14,7.23,17.19,-10.95,15.97,35.67,11.4,23.53,9.19,34.95,22.81
3/19/2015,16,6.35,16.69,-12.48,14.96,36.46,10.67,23.37,7.45,34.71,21.6
3/20/2015,17.2,6.81,18.1,-11.29,16.54,37.46,11.32,24.08,8.3,37.98,22.81
3/23/2015,17.11,6.98,18.42,-11.47,16.08,37.12,10.56,24.17,8.26,37.87,22.87
3/24/2015,16.62,6.41,17.74,-12.09,15.1,36,10.2,23.79,8,36.78,21.51
3/25/2015,14.69,4.87,17.46,-11.02,13.36,33.47,8.33,20.44,6.78,34.34,20.11
3/26/2015,13.98,4.81,17,-11.19,13.18,33.13,8.05,20.48,6.93,33.66,19.14
3/27/2015,14.65,4.81,17.72,-11.88,13.12,34.16,8.5,20.76,7.01,34.11,19.85
3/30/2015,15.85,5.71,18.82,-10.06,14.69,35.51,10.02,22.18,8.5,35.8,21.37
3/31/2015,15.35,4.72,17.83,-10.86,13.94,33.68,9.09,21.13,7.67,34.56,21.34
4/1/2015,14.81,5.64,17.9,-10.65,13.79,32.1,8.24,20.6,7.67,34.49,21.51
4/2/2015,15.82,6.6,18.66,-10.49,14.45,32.42,8.37,20.55,7.78,35.48,21.87
4/3/2015,15.82,6.6,18.66,-10.49,14.45,32.42,8.37,20.55,7.78,35.48,21.87
4/6/2015,16.35,7.03,19.62,-8.82,14.6,32.64,9.17,21.72,8.63,36.76,23.38
4/7/2015,15.69,6.41,19.11,-8.57,13.99,32.89,8.91,21.51,8.4,34.59,22.04
4/8/2015,16.76,6.8,19.25,-9.53,14.39,34.05,9.17,21.91,8.69,34.76,21.72
4/9/2015,16.8,6.76,19.62,-8.12,14.35,35.03,9.73,22.39,9.11,32.27,21.14
4/10/2015,17.14,7.08,19.79,-7.67,14.37,36.12,11.44,22.87,9.36,32.17,22.13
4/13/2015,16.56,6.93,19.21,-8.44,14.7,35.39,10.41,22.42,8.91,31.77,20.89
4/14/2015,16.41,6.81,19.51,-6.76,14.74,35.57,10.58,22.02,9.29,32.23,21.57
4/15/2015,16.45,7.36,19.21,-4.54,15.18,35.87,10.86,23.09,10.33,31.51,21.78
4/16/2015,16.65,6.9,19.62,-4.83,15.3,35.79,10.53,22.75,9.83,32.07,21.02
4/17/2015,14.97,5.97,18.51,-5.65,13.77,34.68,9.22,20.94,8.89,31.28,20.6
4/20/2015,16.18,7.17,18.98,-5.24,14.37,35.47,10.44,23.04,9.67,31.53,22.36
4/21/2015,16.27,6.97,19.1,-6.31,13.85,36.4,10.2,23.02,8.76,31.6,21.23
4/22/2015,16.43,7.66,19.23,-5.7,14.6,36.62,10.64,24.27,9.05,31.96,21.51
4/23/2015,17.03,9.98,18.76,-5.11,14.74,37.23,10.56,24.53,9.43,32.23,22.28
4/24/2015,18.43,9.58,18.72,-5.76,14.47,36.8,10.1,25.51,10.16,32.35,23.42
4/27/2015,17.42,9.58,18.14,-5.81,14.06,34.32,9.98,25.84,10.84,32.2,21.91
4/28/2015,17.07,11.28,18.18,-5.26,14.78,34.75,10.33,26.1,11.1,32.2,22.87
4/29/2015,16.22,11.07,17.23,-4.47,14.67,33.62,9.76,25.5,10.91,29.59,22.44
4/30/2015,14.91,10.73,16.77,-4.73,13.7,31.61,8.69,23.49,10.09,27.75,20.76
5/1/2015,16.48,10.47,17.8,-4.49,14.5,33.35,9.98,25.28,11.91,28.59,21.38
5/4/2015,16.72,10.79,18,-4.72,15.54,34.16,10.15,25.3,11.67,28.78,22.22
5/5/2015,15.51,9.08,17.12,-5.77,14.5,32.59,8.78,23.39,10.45,25.98,19.44
5/6/2015,15.09,7.79,17.39,-6.04,14.03,32.08,8.7,22.52,10.53,25.7,18.83
5/7/2015,15.69,7.85,17.61,-7.15,14.79,32.71,9.23,23.47,11.07,27.5,19.28
5/8/2015,16.87,8.81,18.71,-5.62,16.28,34.8,10.45,25.28,12.65,29.38,20.12
5/11/2015,16.45,8.1,18.2,-7.3,15.88,34.79,10.35,24.66,12.26,27.47,19.38
5/12/2015,16.2,8.15,17.99,-6.85,15.54,34.13,10.22,24.01,11.14,27.76,19.07
5/13/2015,15.54,8.35,17.94,-7.14,15.57,34.06,10.5,24.62,11.14,26.71,18.07
5/14/2015,16.01,8.92,19.76,-7.12,16.67,35.95,11.61,26.75,12.4,29.14,19.5
5/15/2015,16.83,9.1,20.15,-6.8,16.18,36.22,11.48,26.33,12.68,30.24,20.93
5/18/2015,17.41,9.66,19.88,-6.87,16.88,37.05,11.78,26.96,12.46,29.85,21.45
5/19/2015,17.4,8.75,19.5,-8.08,17.55,37.69,11.52,26.73,11.93,29.69,21.67
5/20/2015,17.33,9.26,19.24,-7.87,17.17,37.92,11.18,26.71,11.78,29.38,21.87
5/21/2015,17.72,10.05,19.41,-7.02,16.87,37.95,11.7,27.13,12.16,28.65,21.76
5/22/2015,17.52,9.17,18.9,-7.45,16.75,37.62,11.19,27.17,11.96,28.69,21.52
5/25/2015,17.52,9.17,18.9,-7.45,16.75,37.62,11.19,27.17,11.96,28.69,21.52
5/26/2015,16.71,8.78,18.05,-8.97,15.72,36.3,9.96,25.38,10.59,27.85,20.66
5/27/2015,17.5,9.57,18.74,-9.05,16.8,37.83,10.71,27.64,11.36,29.04,21.28
5/28/2015,17.33,9.29,18.62,-9.37,16.71,37.93,10.26,27.51,11.52,28.67,21.63
5/29/2015,16.49,8.79,17.87,-9.43,15.64,37.65,9.18,26.56,10.74,27.3,21.41
6/1/2015,16.84,8.22,17.87,-9.62,15.9,38.12,9.61,26.99,10.76,28.75,21.58
6/2/2015,17.07,8.22,17.5,-9.08,16.06,37.36,9.83,26.68,11.23,27.69,19.89
6/3/2015,18.02,9.14,17.47,-9.68,16.8,37.55,10.49,27,11.46,25.96,18.31
6/4/2015,17.25,8.23,16.46,-10.84,15.9,36.61,9.24,25.79,10.06,25.95,17.92
6/5/2015,17.02,6.28,15,-10.18,16.52,36.6,9.46,25.64,9.78,24.48,16.49
6/8/2015,16.26,6.54,14.91,-10.6,15.89,36,8.6,24.12,9.32,24.24,15.94
6/9/2015,16.13,6.29,15.43,-10.63,16.18,36.01,8.58,23.87,9.35,23.31,15.68
6/10/2015,17.31,6.86,16.55,-9.5,17.87,37.58,9.75,25.81,10.5,24.23,16.22
6/11/2015,17.65,7.44,16.56,-9.89,18.24,38.4,10.21,25.73,10.74,25.12,17.07
6/12/2015,17.24,6.5,16.1,-10.94,17.82,36.93,9.65,24.77,10.09,24.86,15.98
6/15/2015,16.69,5.83,15.25,-11.24,17.34,36.99,8.74,24.06,9.22,24.22,15.69
6/16/2015,17.31,6.64,16.46,-10.52,18.03,37.7,8.85,24.84,9.86,25.31,16.26
6/17/2015,17.82,6.65,17.09,-10.7,17.86,37.85,9.04,25.07,10.23,26.26,17.27
6/18/2015,19.23,7.54,18.37,-10.72,18.95,39.86,10.22,26.12,11.19,28.03,18.87
6/19/2015,18.98,7.16,18.34,-11.54,17.95,39.73,9.83,25.25,10.62,26.92,17.76
6/22/2015,19.58,7.39,18.7,-10.67,18.79,40.78,10.43,26.07,10.82,25.9,17.63
6/23/2015,20.02,8.82,18.3,-10.33,19.12,41,10.29,26.05,10.6,25.05,16.12
6/24/2015,19.14,7.96,17.76,-10.9,18.12,39.59,9.24,25.45,9.27,24.29,15.21
6/25/2015,19.11,8.36,17.53,-11.82,17.37,40.33,8.47,25.05,9.16,23.22,14.41
6/26/2015,19.61,8.39,17.73,-11.61,17.91,40.12,8.68,23.88,8.86,23.98,15.1
6/29/2015,16.87,6.79,15.9,-13.18,15.09,36.93,6.56,21.16,6.22,21.93,14.38
6/30/2015,17.39,6.33,15.78,-12.62,15.54,37.52,6.71,21.36,6.35,22.12,14.08
7/1/2015,18.6,6.86,17.15,-13.86,17.08,38.62,7.09,22.11,6.87,23.88,14.65
7/2/2015,18.4,7.19,17.07,-13.5,16.63,38.16,6.99,22.27,6.59,24.25,16.21
7/3/2015,18.4,7.19,17.07,-13.5,16.63,38.16,6.99,22.27,6.59,24.25,16.21
7/6/2015,18.15,6.79,17.01,-14.66,16.34,38.02,6.39,21.68,5.63,24.74,16.52
7/7/2015,19.05,7.28,19.28,-13.85,16.49,38.6,7.13,21.74,5.34,26.57,19.33
7/8/2015,16.93,6.3,18.06,-15.6,14.62,36.36,5.24,19.74,3.04,25.89,18.72
7/9/2015,17.4,5.42,18.1,-15.24,15.41,37.06,5.59,19.38,3.26,25.48,17.4
7/10/2015,19.06,6.71,19.37,-14.87,16.81,38.94,6.7,21.22,4.71,26.41,18.09
7/13/2015,20.79,7.34,20.55,-14.33,17.99,40.13,7.81,23.08,5.91,26.63,18.15
7/14/2015,20.93,7.9,20.74,-13.55,18.41,41.48,8.15,23.61,6.46,26.91,18.06
7/15/2015,20.7,7.17,20.32,-15.07,19.2,41.54,7.67,23.65,5.42,27.09,18.53
7/16/2015,21.43,8.52,21.66,-15.06,20.3,42.27,8.23,25.13,5.19,28.14,20.35
7/17/2015,21.09,8.15,21.54,-16.04,19.97,42.05,8.15,27.04,4.35,27.47,19.07
7/20/2015,21.12,8.51,21.81,-17.17,20.18,42.41,8.16,27.63,3.45,27.87,18.45
7/21/2015,20.74,6.65,21.38,-17.11,19.98,41.87,7.06,26.98,2.85,27.37,17.33
7/22/2015,21.29,5.55,21.73,-17.68,20.82,42.2,6.51,25.04,2.49,27.8,17.87
7/23/2015,20.46,4.97,21.2,-17.86,19.78,41.68,5.58,24.73,1.2,26.85,16.16
7/24/2015,20.27,4.84,20.53,-19.55,18.78,38.25,4.16,23.93,-0.95,27.2,16.16
7/27/2015,19.35,4.67,20.42,-20.69,17.94,38,3.67,22.72,-2,27.46,17.67
7/28/2015,20.36,4.79,21.74,-18.32,18.43,40.45,5.46,23.91,0.12,27.75,18.28
7/29/2015,21.6,5.79,22.17,-17.13,19.36,40.8,6.81,24.75,1.13,28.31,18.72
7/30/2015,22.05,6.09,21.83,-17.66,19.47,40.63,6.72,24.95,1.43,27.71,19.56
7/31/2015,22.42,6.28,21.95,-19.8,19.08,41.37,6.73,24.39,1.18,28.6,20.72
8/3/2015,22.04,6.51,22.34,-21.44,19.17,41.34,6.25,23.78,0.43,29.29,21.31
8/4/2015,22.42,6,22.32,-21.79,19.02,41.26,6.18,22.95,0.87,28.62,19.31
8/5/2015,21.3,5.96,23.4,-22.34,19.34,42.38,6.72,24.21,1.35,28.09,19.75
8/6/2015,19.62,5.29,22.5,-20.97,18.89,39.45,6.25,22.99,1.09,28.23,20.15
8/7/2015,19.52,4.93,21.75,-22.51,18.93,39.15,5.7,23.05,-0.27,28.85,21.57
8/10/2015,20.58,6.86,22.34,-19.95,20.14,40.27,7.71,24.99,2.23,28.64,21.21
8/11/2015,19.41,6.95,21.86,-19.95,19.08,39.17,6.53,22.85,0.33,29.48,21.81
8/12/2015,18.88,6.25,21.94,-18.46,18.12,39.19,6.5,23.46,0.49,29.82,23.92
8/13/2015,19.54,5.67,21.51,-19.62,18.5,38.93,6.45,23.18,0.23,30.1,23.9
8/14/2015,19.75,6,21.92,-19.84,19.36,39.3,7.15,23.82,0.85,30.86,24.91
8/17/2015,20.93,6.42,22.05,-19.75,19.66,40.78,7.68,24.6,1.52,31.87,25.61
8/18/2015,20.96,6.41,21.4,-20.06,19.57,40.58,7.47,23.9,0.78,31.97,25.18
8/19/2015,20.6,6.4,20.15,-22.31,18.51,39.93,6.46,22.85,-0.51,31.15,25.6
8/20/2015,17.25,4.98,19.13,-24.06,16.04,36.63,4.16,19.84,-2.26,30.03,24.72
8/21/2015,13.55,3.19,16.06,-26.7,12.67,32.56,1.42,15,-4.58,27.48,23.22
8/24/2015,9.07,-0.02,12.19,-30.52,7.36,27.29,-2.01,11,-8.48,21.35,18.73
8/25/2015,8.66,-2.26,10.94,-31.46,5.57,25.63,-3.46,9.72,-10.22,18.1,15.18
8/26/2015,12.68,0.91,14.3,-29.07,9.4,30.85,-0.6,15.32,-7.87,21.28,17.14
8/27/2015,15.3,3.19,15.98,-25.51,12.17,33.33,1.77,18.07,-4.55,23.76,18.59
8/28/2015,15.46,2.93,15.78,-23.9,11.84,32.84,1.98,18.41,-3.96,23.56,18.33
8/31/2015,14.64,2.68,14.96,-22.99,11.02,30.44,1.19,17.41,-4.35,20.98,16.52
9/1/2015,11.73,0.01,12.51,-25.86,7.27,26.99,-1.53,13.53,-7.32,18.55,13.43
9/2/2015,14.03,1.52,14.08,-25.17,8.82,29.51,0.56,16.4,-6.08,19.9,13.43
9/3/2015,14.16,2.37,14.87,-24.91,9.31,28.71,0.68,16.39,-5.52,20.22,13.98
9/4/2015,12.96,0.62,13.04,-26.22,7.3,27.09,-0.67,14.69,-7.28,17.77,12.32
9/7/2015,12.96,0.62,13.04,-26.22,7.3,27.09,-0.67,14.69,-7.28,17.77,12.32
9/8/2015,15.59,2.7,15.44,-25.08,9.99,30.71,2.04,17.95,-5.06,19.61,14.71
9/9/2015,14.24,1.66,13.44,-26.59,8.6,28.65,1.02,16.42,-5.82,18.12,13.36
9/10/2015,14.48,1.65,13.68,-26.18,9.12,29.8,1.09,17.56,-5.72,18.4,13.1
9/11/2015,15.32,1.76,14.34,-26.76,9.62,30.81,1.57,18.28,-5.86,20.38,13.99
9/14/2015,14.7,1.37,13.94,-27.38,9.36,30.36,1.05,17.92,-7.03,20.31,14.26
9/15/2015,15.89,2.65,15.34,-26.54,10.91,32.1,2.69,19.43,-6.19,21.47,14.89
9/16/2015,17.21,2.47,16.63,-24.44,11.64,32.53,3.62,20.09,-4.82,23,16.09
9/17/2015,17.51,1.38,16.7,-24.47,10.35,33.72,3.08,19.32,-5.26,24.21,17.6
9/18/2015,15.7,0.32,15.28,-26.53,8.34,31.8,0.91,17.72,-7.12,23.86,16.87
9/21/2015,16.51,0.59,16.25,-26.13,9.53,30.05,1.36,18.84,-6.89,24.95,17.39
9/22/2015,15.07,-0.41,14.92,-26.91,8.11,29.18,-0.09,16.97,-8.64,23.3,16.02
9/23/2015,14.75,-1.02,15.13,-27.96,8.31,29.07,-0.78,17.18,-10.42,24.05,16.28
9/24/2015,14.39,-1.1,15.23,-27.64,7.61,27.75,-1.53,17.12,-10.58,22.82,17.26
9/25/2015,14.4,-0.58,16.05,-27.46,9.01,24.31,-1.28,16.94,-10.79,23.62,18.4
9/28/2015,11.06,-2.04,14.24,-30.1,6.58,19.47,-3.26,14.2,-13.58,21.43,17.87
9/29/2015,10.73,-2.01,14.16,-30.06,6.99,20.38,-2.81,13.61,-13.25,22.84,17.93
9/30/2015,13.49,-1.05,15.27,-28.4,8.34,22.93,-1.33,16.17,-11.57,23.82,20.02
10/1/2015,14.13,-1.79,15.23,-28.36,8.46,23.87,-1.5,16.11,-10.67,24.35,18.66
10/2/2015,15.71,-1.67,16.77,-25.39,8.47,26.45,-0.34,17.91,-8.54,25.46,20.29
10/5/2015,17.49,0.96,18.79,-23.18,10.76,26.89,2.63,20.23,-6.11,27.8,21.94
10/6/2015,16.61,0.8,18.08,-21.35,10.28,23.91,2.56,20.42,-5.09,27.32,21.01
10/7/2015,17.12,1.72,19.11,-20.35,11.29,25.7,4,21.03,-3.7,28.68,20.74
10/8/2015,18.46,2.65,20.49,-18.77,11.93,26.14,5.54,21.61,-2.27,29.84,22.25
10/9/2015,18.65,2.02,20.87,-19.35,11.31,26.74,5.88,22.21,-2.15,29.55,21.74
10/12/2015,19.13,2.43,21.14,-20.36,11.57,27.09,5.94,22.44,-3.02,30.29,22.82
10/13/2015,18.41,2.35,20.35,-21.09,10.81,25.57,4.7,21.97,-3.38,29.31,22.48
10/14/2015,17.15,2.1,18.98,-20.33,9.65,25.21,3.67,21.87,-2.67,28.35,22.44
10/15/2015,18.56,3.41,20.12,-18.95,12.06,27.95,4.72,23.29,-2.34,30.14,24.25
10/16/2015,19.23,3.91,21.32,-18.87,12.52,29.21,4.36,23.6,-2.39,31.28,24.53
10/19/2015,19.8,3.66,21.74,-20.5,12.61,29.62,4.45,23.98,-3.21,33.03,24.62
10/20/2015,19.54,4.53,21.65,-20.3,13.21,27.7,5.02,23.54,-3.1,32.98,24.98
10/21/2015,18.89,3.84,21.62,-21.21,12.27,26.59,4.98,22.54,-4.15,32.6,24.66
10/22/2015,20.35,5.64,24.02,-19.66,14.14,25.6,7.75,25.37,-1.58,34.19,26.11
10/23/2015,20.65,5.66,23.92,-19.82,15.25,28.19,8.18,28.96,-0.74,32.79,23.93
10/26/2015,21.59,5.72,23.7,-21.87,14.89,28.8,8,28.5,-1.54,32.83,23.86
10/27/2015,20.78,4.64,23.72,-22.85,14.22,30.95,6.84,27.74,-2.21,32.76,23.46
10/28/2015,22.15,5.7,23.24,-21.06,16.97,32.29,7.84,29.86,-0.6,33.28,22.28
10/29/2015,22.3,5.69,23.25,-20.78,16.51,32.66,7.73,29.32,-0.52,33.29,21.57
10/30/2015,22.53,6.15,21.93,-20.22,14.9,31.98,7.63,28.47,-0.23,32.1,22.21
11/2/2015,23.18,6.38,22.59,-18.23,16.77,34.66,8.99,29.79,0.57,34.99,22.35
11/3/2015,23.69,5.94,21.96,-16.13,16.66,34.28,8.99,30.61,0.83,33.69,22.72
11/4/2015,22.85,5.31,21.41,-16.98,16.34,33.82,8.78,30.78,0.17,33.04,23.33
11/5/2015,23.3,5.19,21.41,-17.86,16.92,33.41,8.94,30.43,-0.44,33.35,22.3
11/6/2015,23.19,4.49,20.11,-18.19,17.98,33.11,9.08,31.09,-0.21,29.27,17.82
11/9/2015,21.55,3.6,19.31,-19.15,16.61,32.03,8.1,29.77,-1,27.46,18.09
11/10/2015,22.55,3.28,19.64,-18.86,17.14,32.86,8.26,28.89,-1.63,28.63,19.27
11/11/2015,21.84,3.61,19.49,-20.5,16.9,31.54,8.46,28.82,-1.56,28.91,20.29
11/12/2015,20.6,2.68,17.78,-22.43,15.06,29.2,6.74,27.53,-3.66,28.07,18.91
11/13/2015,17.39,1.42,16.78,-22.84,14.04,28.92,6.33,25.05,-2.59,26.6,18.4
11/16/2015,18.83,3.54,18.68,-20.2,15.45,30.51,7.61,26.81,-1.42,28.15,20.49
11/17/2015,18.96,3.87,18.53,-21.16,15.23,31.07,7.39,26.79,-1.57,28.36,18.31
11/18/2015,21,4.7,20.2,-19.86,17.24,33.63,8.89,28.83,0.31,29.84,19.26
11/19/2015,21.05,5.21,20.55,-20.93,17.38,31.42,9.29,29.33,0.23,30.3,20.41
11/20/2015,22.57,4.81,19.75,-21.8,17.68,32.54,9.91,30.35,-0.02,31.82,20.94
11/23/2015,23.06,4.13,20.68,-21.26,17.34,32.35,9.53,29.74,0.02,31.96,19.97
11/24/2015,22.91,4.21,20.98,-19.45,17.06,32.66,9.47,29.79,0.97,31.28,19.75
11/25/2015,23.6,4,21.35,-20.08,17.16,33.4,9.45,29.42,0.46,31.82,19.12
11/26/2015,23.6,4,21.35,-20.08,17.16,33.4,9.45,29.42,0.46,31.82,19.12
11/27/2015,23.19,4.51,21.76,-20.68,17.58,33.69,9.68,29.67,0.44,32.87,19.43
11/30/2015,22.08,4.86,20.55,-20.33,17.26,31.95,8.93,29.73,0.63,31.83,19.62
12/1/2015,23.32,5.31,21.49,-19.74,18.66,34.18,9.63,31.09,1.31,33.74,20.53
12/2/2015,22.29,4.19,20.81,-22.27,17.15,33.04,8.53,30.29,-0.05,31.03,17.97
12/3/2015,20.39,3.1,20.13,-23.78,15.3,30.07,7.21,28.56,-0.89,29.05,16.82
12/4/2015,22.69,5.81,22.82,-24.27,18.19,33.09,8.69,31.56,0.64,31.48,18.51
12/7/2015,22.16,6.39,23.15,-27.13,17.13,32.27,8.1,30.74,-1.16,31.25,18.84
12/8/2015,21.75,5.42,22.75,-28.11,15.65,32.55,6.42,30.43,-2.98,31.04,18.7
12/9/2015,20.3,4.59,21.62,-27.18,14.3,31.2,6,28.49,-0.68,30.08,18.68
12/10/2015,20.64,4.66,21.68,-26.68,14.36,32.23,6.49,28.78,-1.19,29.13,16.77
12/11/2015,17.96,3.05,20.37,-29.2,12.03,30.25,4.69,26.17,-3.64,28.85,16.36
12/14/2015,18.36,4.13,21.41,-28.72,12.15,30.95,4.79,26.85,-5,29.39,16.81
12/15/2015,19.08,4.72,22.24,-26.69,14.68,32.71,4.91,27.46,-4.52,30.85,17.91
12/16/2015,21.1,6.87,24.65,-27.11,16.47,34.43,6.7,29.1,-3.47,33.36,20.92
12/17/2015,19.1,5.78,23.09,-28.94,14.74,32.99,5.07,27.09,-5.31,32.53,21.08
12/18/2015,17.4,4.42,20.89,-30.12,12.01,31.21,3.46,24.58,-6.52,30.68,19.67
12/21/2015,17.85,5.58,22.18,-30.11,13,32.32,4.31,25.86,-5.74,31.41,19.73
12/22/2015,18.72,6.57,23.75,-29.24,13.93,33.27,5.56,26.72,-4.43,32,20.74
12/23/2015,19.43,8.04,24.81,-26.16,15.38,34.67,6.9,27.78,-2.25,33.53,22.62
12/24/2015,19.12,7.61,24.6,-26.84,15.36,34.83,6.84,27.67,-2.38,33.49,22.53
12/25/2015,19.12,7.61,24.6,-26.84,15.36,34.83,6.84,27.67,-2.38,33.49,22.53
12/28/2015,19.38,7.76,24.41,-28.24,15.21,34.26,6.57,27.71,-3.09,34.23,22.89
12/29/2015,20.69,8.52,25.49,-27.74,16.45,35.89,7.61,29.36,-2.21,35.67,23.57
12/30/2015,19.75,7.64,25.03,-28.84,15.54,35.28,6.77,28.35,-3.17,34.95,23.38
12/31/2015,18.6,6.57,23.64,-28.56,14.45,34.04,5.99,26.51,-3.98,33.81,22
1/1/2016,18.6,6.57,23.64,-28.56,14.45,34.04,5.99,26.51,-3.98,33.81,22
1/4/2016,16.56,5.96,22.03,-28.62,12.2,31.43,4.44,24.52,-5.48,32.29,21.57
1/5/2016,16.41,7.01,22.85,-28.33,12.68,32.13,4.57,23.99,-5.56,34.92,22.52
1/6/2016,15.17,6.44,22.42,-31.02,11.06,31.05,3.05,22.38,-7.83,34.13,22.36
1/7/2016,12.88,5.05,20.86,-32.66,7.99,28.33,0.13,18.54,-10.35,31.4,21.4
1/8/2016,11.56,4.56,19.92,-33.56,6.32,26.5,-0.97,17.51,-11.32,29.62,21.39
1/11/2016,12.43,5.39,21.01,-34.97,6.67,24.99,-0.94,18.18,-12.64,30.28,22.08
1/12/2016,13.59,4.97,21.6,-34.78,7.13,26.46,-0.24,19.59,-12.53,29.5,21.4
1/13/2016,9.85,3.68,19.44,-36.02,4.36,22.79,-2.67,16.27,-14.56,27.64,21.25
1/14/2016,10.61,5.51,20.02,-33.18,5.36,25.97,-1.37,18.61,-13.38,27.61,23.18
1/15/2016,8.41,4.33,18.13,-35.14,3.08,24.26,-3.12,15.01,-15.1,26.17,22
1/18/2016,8.41,4.33,18.13,-35.14,3.08,24.26,-3.12,15.01,-15.1,26.17,22
1/19/2016,8.7,5.55,19.49,-36.63,3.01,24.1,-3.25,14.86,-16.18,27.01,23.73
1/20/2016,7.78,3.86,17.93,-38.44,0.95,24.43,-4.33,14.21,-16.64,23.4,20.99
1/21/2016,9.18,6.29,18.46,-36.62,0.67,24.02,-3.88,14.57,-16.07,24.36,20.9
1/22/2016,11.07,8.85,20.39,-33.89,2.69,26.04,-2.93,17.76,-14.51,27.7,23.18
1/25/2016,9.71,8.51,19.4,-36.94,0.35,24.86,-4.28,16.11,-17.36,26.54,21.98
1/26/2016,11.43,10.6,20.54,-34.51,2.25,25.88,-2.33,17.24,-15.74,29.19,23.02
1/27/2016,9.76,11.48,20.38,-34.89,1.8,24.44,-3.41,14.43,-16.47,26.88,23.22
1/28/2016,11.01,11.54,21.6,-32.8,1.94,21.56,-2.92,15.97,-16.19,25.95,25.27
1/29/2016,12.58,13.54,24.25,-30.98,4.83,23.8,-0.11,20.15,-13.45,28.61,27.86
2/1/2016,13.07,14.57,24.52,-32.33,4.3,23.95,-0.48,20.36,-13.35,28.71,29.28
2/2/2016,10.97,13.27,22.91,-34.59,1.67,22.14,-2.56,17.85,-14.18,27.27,29.8
2/3/2016,10.61,15.15,22.74,-32.03,1.77,22.72,-1.19,17.55,-11.61,27.83,31.41
2/4/2016,10.12,15.01,21.65,-31.98,2.6,22.2,0.52,17.86,-9.4,27.94,30.79
2/5/2016,6.65,15.81,21.46,-33.37,1.17,19.71,-0.71,13.95,-10.38,24.81,31.08
2/8/2016,4.63,15.34,21.14,-33.43,-1.35,17.92,-1.58,12.1,-12.55,21.26,30.75
2/9/2016,4.29,14.03,21.85,-34.95,-1.57,18.8,-1.14,11.64,-11.73,19.18,31.27
2/10/2016,4.27,13.56,21.72,-35.29,-1.94,19.88,-1.44,12.08,-12.46,19.84,31.15
2/11/2016,4.05,13.06,20.66,-35.57,-4.67,17.91,-3.27,11.82,-14.18,18.3,29.01
2/12/2016,5.98,14.44,22.42,-33.87,-1.1,19.53,-1.34,13.33,-11.76,19.72,28.7
2/15/2016,5.98,14.44,22.42,-33.87,-1.1,19.53,-1.34,13.33,-11.76,19.72,28.7
2/16/2016,8.66,14.98,23.39,-33.25,0.71,21.73,0.64,15.67,-10.44,21.96,29.47
2/17/2016,10.98,15.31,24.65,-31.24,1.88,23.38,2.29,18.3,-8.72,23.1,29.19
2/18/2016,10.24,16.5,24.15,-31.91,1.36,22.51,2.19,17.58,-9.17,24.2,31.25
2/19/2016,10.54,15.65,24.38,-32.17,1.52,22.54,1.98,17.91,-10.06,24.6,30.46
2/22/2016,12.61,16.45,24.93,-30.59,2.97,24.18,3.68,19.57,-8.42,26.15,31.82
2/23/2016,12.06,15.85,24.89,-32.87,1.21,23.23,2.71,17.48,-10.5,25.71,31.88
2/24/2016,12.78,16.81,25.28,-32.24,1.04,23.69,2.94,18.55,-9.46,25.69,32.59
2/25/2016,14,17.55,26.8,-32.16,2.48,25.27,4.18,20.02,-8.35,28,33.76
2/26/2016,13.98,17.17,25.05,-31.81,3.11,25.08,4.45,19.76,-7.19,27.54,30.14
2/29/2016,13.44,16.66,24.54,-32.51,2.05,23.13,3.8,19.07,-7.54,27.38,30.45
3/1/2016,16.3,18.22,25.8,-31.04,5.57,25.76,5.9,22.66,-5.26,30.95,29.87
3/2/2016,16.26,19.53,26.13,-29.29,6.56,26,6.14,22.9,-5.2,31.85,30.66
3/3/2016,17.03,19.84,26.81,-28.22,7.32,25.67,6.9,22.88,-4.55,32.45,31.39
3/4/2016,17.09,19.63,27.41,-27.47,7.78,25.53,7.38,23.31,-3.56,32.71,32.91
3/7/2016,16.71,20.44,26.69,-25.69,7.82,26.54,7.71,22.49,-2.29,32.97,33.6
3/8/2016,15.71,20.47,27.04,-28.84,6.02,24.87,6.17,21.4,-4.36,31.59,34.73
3/9/2016,15.96,20.12,27.99,-27.7,6.16,25.1,6.46,22.6,-3.64,32.21,35.46
3/10/2016,16.08,20.64,27.98,-27.71,6.11,25.11,6.23,22.37,-3.12,31.86,35.6
3/11/2016,17.93,21.08,28.45,-25.98,8.87,27.66,7.82,24.53,-1.35,35.08,35.84
3/14/2016,18.31,21.01,28.36,-26.46,8.44,27.14,7.79,24.58,-2,34.99,35.94
3/15/2016,18.15,21.21,28.55,-26.6,8.2,25.03,7.62,24.95,-2.85,35.03,36.28
3/16/2016,19.03,22.38,28.86,-25.37,8.15,24.69,8.43,26.34,-1.07,36.6,37.56
3/17/2016,19.46,23.24,29.79,-24.25,9.47,23.37,10.61,27,1.13,38.71,39.05
3/18/2016,19.67,22.08,29.59,-24.17,10.48,25.07,11.54,27.41,1.21,38.12,38.16
3/21/2016,19.66,22.77,29.66,-24.49,10.26,25.59,11.74,27.76,1.07,37.08,37.95
3/22/2016,19.31,22.1,28.76,-24.74,10,26.79,11.4,27.88,1.14,37.18,37.55
3/23/2016,18.44,21.5,28.75,-26.43,9.12,25.96,10.62,27,-0.21,36.4,38.42
3/24/2016,18.57,22.72,28.67,-26.03,8.47,25.82,10.4,27.21,-0.02,36.45,38.93
3/25/2016,18.57,22.72,28.67,-26.03,8.47,25.82,10.4,27.21,-0.02,36.45,38.93
3/28/2016,19.21,22.86,29.25,-26.29,8.84,25.5,10.51,26.88,0.41,37.61,38.49
3/29/2016,20.47,24.32,30.26,-26,9.31,27.14,11.38,28.99,1.24,40.45,40.72
3/30/2016,21.13,24.32,30.94,-25.82,9.91,27.09,11.82,29.84,1.72,40.09,40.34
3/31/2016,21.02,24.08,30.52,-25.85,9.71,26.87,11.44,29.71,0.92,40.84,40.96
4/1/2016,21.59,23.87,32.15,-26.94,10.49,28.49,11.66,30.77,1.66,40.98,41.58
4/4/2016,20.5,24.69,31.91,-27.36,9.97,29.66,10.5,30.1,0.65,40.86,40.96
4/5/2016,19.49,23.89,31,-27.92,8.39,28.07,9.85,28.72,-0.08,39.92,38.34
4/6/2016,20.6,23.92,32.04,-26.38,9.02,31.44,10.22,30.07,0.83,40.4,38.21
4/7/2016,19.14,22.13,30.76,-26.87,6.96,30.06,9.34,28.2,-0.46,39.48,38.21
4/8/2016,19,22.21,31.42,-25.32,7.43,29.55,10.01,28.29,0.55,40.46,38.92
4/11/2016,18.53,21.48,30.47,-25.59,7.77,28.64,9.82,28.02,1.05,40.03,38.36
4/12/2016,19.49,22.32,31.3,-23.35,9.2,29.73,10.74,28.71,2.22,41.01,39.35
4/13/2016,21.23,21.14,30.37,-23.05,11.59,31.01,12.43,30.62,3.56,40.61,38.56
4/14/2016,21.19,21.45,29.81,-22.81,11.84,31.16,12.42,30.45,3.43,39.77,38.3
4/15/2016,21.56,21.62,30.6,-23.8,11.61,31.15,12.53,29.88,3.94,40.73,39.27
4/18/2016,22.62,22.27,31.04,-22.59,12.34,32.31,12.89,30.41,4.45,41.42,39.73
4/19/2016,22.06,23.19,31.24,-21.04,13.5,32.63,13.47,29.65,6.49,41.45,39.97
4/20/2016,22.12,22.55,29.57,-20.38,14.35,33.43,13.34,29.93,6.23,39.35,36.63
4/21/2016,21.75,19.24,27.42,-20.79,13.23,34.17,12.87,29.75,5.72,36.93,33.67
4/22/2016,21.5,20.16,27.93,-19.65,14.39,34.55,13.25,27.6,6.45,38.57,34.87
4/25/2016,21.6,20.5,28.85,-20.58,14.1,34.01,12.45,27.35,5.65,39.47,35.18
4/26/2016,22.01,20.11,28.5,-19.46,14.93,33.51,13.51,27,6.97,40.05,35.48
4/27/2016,21.97,22.35,29.07,-18.02,15.01,33.38,14.27,26.09,7.7,39.8,37.24
4/28/2016,20.52,21.49,29.11,-19.14,13.8,32.48,13.12,24.3,6.67,39.4,37.2
4/29/2016,20.99,21.48,28.98,-19.19,13.08,30.55,12.5,23.17,6.11,38.24,37.98
5/2/2016,22.64,22.38,30.31,-19.21,14.33,31.31,13.06,23.97,6.63,40.34,39.06
5/3/2016,21.51,21.21,30.07,-21.14,12.84,30.87,12.02,22.95,4.72,40.14,38.99
5/4/2016,20.95,21.38,30.47,-22.24,12.15,29.62,10.66,22.41,3.88,42.13,40.66
5/5/2016,20.16,20.69,30.55,-21.71,12.09,30.18,10.53,22.49,3.39,42.62,40.1
5/6/2016,20.9,21.45,31.19,-21.8,12.58,29.4,11.33,23.4,4.31,43.89,39.3
5/9/2016,21.37,21.15,31.95,-22.91,12.45,30.87,10.83,23.42,2.78,45.04,40.07
5/10/2016,22.8,22.55,33.25,-21.49,13.91,31.91,12.68,25.03,4.59,45.26,40.31
5/11/2016,20.21,21.87,32.19,-21.35,12.65,30.37,11.8,24.2,4.3,42.21,40.7
5/12/2016,20.39,22.75,32.91,-21.08,12.85,29.58,11.51,23.67,4.59,43.17,41.47
5/13/2016,19.05,21.44,31.27,-22.09,11.47,29.38,10.18,23.3,3.61,41.76,40.9
5/16/2016,19.74,21.98,31.97,-20.77,12.16,31.15,11.41,24.98,5.17,43.06,41.15
5/17/2016,18.36,21.21,29.47,-20.42,11.26,29.75,10.83,23.69,4.54,40.59,38.68
5/18/2016,17.63,19.6,28.17,-21.25,13.23,30.2,10.55,24.35,2.94,38.75,36.21
5/19/2016,17.57,18.78,29.18,-21.12,12.17,29.18,9.55,23.63,3.24,37.33,37.44
5/20/2016,18.43,18.95,28.67,-20.72,12.97,30.38,10.27,25.19,3.96,38.47,37.79
5/23/2016,17.93,18.15,28.69,-20.93,12.85,29.81,10,25.09,5.04,38.53,36.52
5/24/2016,19.49,19.07,29.86,-20.54,14.67,31.77,11.34,27.81,5.81,40.22,38.11
5/25/2016,20.09,19.52,30.1,-19.24,15.76,32.57,12.09,28.74,7.12,40.4,37.69
5/26/2016,20.34,20.22,30.54,-19.61,15.14,32.52,11.92,29.07,6.23,40.52,39.19
5/27/2016,21.04,20.96,30.72,-19.51,16,33.23,12.25,29.89,6.34,41.23,39.55
5/30/2016,21.04,20.96,30.72,-19.51,16,33.23,12.25,29.89,6.34,41.23,39.55
5/31/2016,20.96,21.57,30.09,-19.92,15.69,33.44,12.23,30.08,5.9,41.24,40.28
6/1/2016,20.91,20.33,31.14,-19.76,16.03,34,12.34,29.83,6.22,41.16,40.84
6/2/2016,21.62,20.95,31.38,-20.04,16.26,35.71,12.57,29.75,6.68,41.86,40.81
6/3/2016,20.92,21.63,32.15,-20.27,14.77,35.21,12.45,29.22,7.52,42.28,43.07
6/6/2016,21.1,21.6,32.21,-18.53,15.4,35.99,13.4,29.69,8.61,41.48,42.87
6/7/2016,21.34,23.4,32.17,-16.78,15.11,35.17,13.89,29.91,8.77,42.34,42.77
6/8/2016,21.53,23.26,32.94,-16.9,15.42,35.88,14.69,30.36,9.58,43.04,43.76
6/9/2016,21.21,23.97,33.45,-17.33,14.62,35.56,14.6,30.24,8.82,43.39,45.05
6/10/2016,19.88,24.96,33.5,-19.08,13.25,34.27,13.32,28.8,8.11,42.8,44.6
6/13/2016,19.06,24.53,32.46,-19.38,12.38,33.3,12.03,27.38,6.68,42.77,44.39
6/14/2016,18.77,25.21,32.82,-19.41,10.83,33.46,12.07,27.57,5.94,42.13,45.18
6/15/2016,19.15,25,32.45,-19.66,10.96,32.59,12.1,27.24,6.39,43.37,44.16
6/16/2016,19.53,26.03,33.29,-19.91,11.25,33.02,12.3,27.53,6.7,44.2,45.07
6/17/2016,19.43,26.75,32.7,-19.13,11.14,31.54,12.39,26.37,7.18,43.9,45.49
6/20/2016,20.5,26.87,33.04,-18.45,11.84,32.44,13.5,27.13,7.96,44.15,44.96
6/21/2016,20.22,27.77,33.58,-17.58,12.37,32.07,13.35,27.9,7.54,44.89,45.25
6/22/2016,20,27.96,33.53,-18.09,12.24,32.5,12.99,27.32,7.57,44.66,44.57
6/23/2016,21.2,29.69,34.45,-16.67,14.61,34.21,14.4,29.27,9.38,45.84,45.14
6/24/2016,16.88,28.43,31.81,-19.7,8.69,30.39,9.62,23.72,4.48,43.76,45.29
6/27/2016,14.59,29.09,31.48,-21.89,5.71,28.45,6.95,20.67,0.94,43.85,46.99
6/28/2016,16.71,29.5,32.31,-19.77,8.33,31.02,8.69,23.09,1.93,46.97,47.56
6/29/2016,18.72,30.81,33.87,-18.13,10.79,33.5,10.68,25.13,3.74,49.06,47.96
6/30/2016,19.67,32.84,36.87,-17.43,12.59,34.82,12.96,26.58,5.62,50.53,51.16
7/1/2016,20.77,33.72,36.47,-16.93,12.06,35.63,13.38,26.74,5.89,50.52,51.02
7/4/2016,20.77,33.72,36.47,-16.93,12.06,35.63,13.38,26.74,5.89,50.52,51.02
7/5/2016,19.78,33.67,37.1,-18.65,10.48,35.47,12.28,25.79,3.91,51.79,52.07
7/6/2016,20.8,34.41,37.15,-18.2,10.88,37.05,12.83,26.44,4.44,51.23,52.41
7/7/2016,21.33,32.3,37.16,-19.07,10.97,36.82,13.13,26.79,4.78,49.75,49.64
7/8/2016,23.51,33.61,38.58,-17.98,12.97,38.38,15.39,29,7.41,52.24,51.05
7/11/2016,24.27,33.53,38.65,-17.9,13.69,38.22,16.11,29.81,8.03,53.12,50.99
7/12/2016,24.92,33.14,37.89,-15.91,15.05,38.87,17.22,31.09,9.98,53.36,49.07
7/13/2016,24.33,34.14,38.57,-16.59,15.12,38.89,17.45,30.96,10.29,54.04,50.17
7/14/2016,24.8,34.33,38.66,-16.25,16.02,39.39,18.24,31.96,11.14,53.01,49.19
7/15/2016,24.25,34.55,38.64,-16.29,15.87,39.29,18.34,31.78,11.62,52.92,49.62
7/18/2016,24.7,34.51,38.43,-16.32,16.21,39.3,18.23,32.69,12.23,53.16,49.86
7/19/2016,24.45,34.02,38.23,-16.8,16.32,39.03,18.21,32.52,11.33,53.87,49.66
7/20/2016,25.03,33.91,37.84,-16.91,16.46,40.26,18.48,34.31,11.52,53.86,48.98
7/21/2016,24.76,33.28,37.41,-17.67,15.96,40.66,17.33,33.58,10.82,54.08,49.74
7/22/2016,25.35,35.1,38.06,-17.44,16.72,40.94,17.57,34.31,10.97,55.37,51.64
7/25/2016,25.54,34.51,37.89,-19.12,16.42,40.7,16.85,34.17,10.75,55.07,51.36
7/26/2016,25.38,32.54,36.86,-18.72,16.57,40.55,17.84,34.75,11.75,54.5,50.14
7/27/2016,24.95,33.39,34.9,-19.58,16.46,41.1,17.39,35.73,11.85,53.17,48.45
7/28/2016,25.22,32.5,35.53,-19.7,16.78,41.1,17.38,36.17,11.81,54.26,48.95
7/29/2016,25.35,34.23,36.18,-19.05,16.67,41.52,17.11,36.32,11.35,55.85,49.97
8/1/2016,25.46,32.97,36.34,-21.8,16.37,42.32,16.98,36.86,10.69,56.52,49.86
8/2/2016,23.52,32.15,36.13,-21.1,15.33,41.72,15.88,35.63,10.21,54.13,49.01
8/3/2016,23.86,32.05,35.48,-19.64,16.42,41.54,16.39,36.2,10.66,53.29,48.16
8/4/2016,23.82,31.91,35.68,-19.73,16.1,41.26,16.43,36.94,11.03,52.9,48.04
8/5/2016,25.17,31.68,36.02,-19.02,18.24,41.64,17.72,38.59,11.43,53.01,46.12
8/8/2016,24.83,31.38,35.8,-17.96,18.33,40.46,17.69,38.6,11.66,53.09,45.98
8/9/2016,24.41,31.67,36.13,-18.38,18.47,40.81,17.72,38.88,11.27,53.68,45.84
8/10/2016,24.61,32.01,36.66,-19.36,17.64,40.22,17.61,38.45,11.37,53.62,45.93
8/11/2016,25.92,32.33,36.55,-18.27,17.73,41,18.33,38.93,11.78,52.09,46.25
8/12/2016,25.92,31.84,36.98,-17.79,17.53,40.74,17.95,38.85,10.45,52.58,46.35
8/15/2016,26.22,31.4,36.8,-17.19,18.22,41,18.75,39.57,11.59,52.48,44.24
8/16/2016,25.52,28.7,36.02,-17.02,17.78,39.72,18.2,38.85,11.06,50.6,42.43
8/17/2016,25.21,28.88,36.46,-16.75,18.18,39.94,18.57,38.74,10.99,51.12,44.41
8/18/2016,25.25,27.88,36.88,-15.21,18.17,40.01,18.92,38.95,11.78,50.52,46.22
8/19/2016,25.24,26.78,36.57,-15.91,18.02,39.95,19,39.28,11.81,49.48,44.55
8/22/2016,25.13,26.75,36.67,-16.7,18.12,40.16,18.95,39.22,11.82,50.26,44.99
8/23/2016,25.8,26.81,36.44,-16.29,18.28,40.32,19.16,39.78,12.63,50.43,44.35
8/24/2016,25.18,26.75,36.23,-16.57,18.12,38.1,18.8,39.05,11.26,49.77,44.3
8/25/2016,24.78,27.29,35.69,-16.8,18.5,37.05,18.74,39.26,11.89,50.42,44.4
8/26/2016,24.37,25.92,35.06,-17.06,18.52,37.53,18.37,39.44,11.28,48.93,41.54
8/29/2016,24.77,26.9,35.81,-16.49,19.66,37.97,19.04,39.88,12.42,50.41,42.67
8/30/2016,24.13,26.48,35.15,-16.83,20.58,37.44,18.94,39.59,12.15,50.18,41.25
8/31/2016,23.82,26.45,35.38,-17.97,20.71,37.07,18.31,39.36,11.17,50.27,41.72
9/1/2016,23.97,26.76,35.42,-18.21,20.23,36.82,18.39,39.89,11.56,50.11,41.13
9/2/2016,24.22,27.16,36.36,-17.43,20.93,36.98,19,40.46,12.5,51.4,42.93
9/5/2016,24.22,27.16,36.36,-17.43,20.93,36.98,19,40.46,12.5,51.4,42.93
9/6/2016,24.35,28.27,36.69,-16.18,20.61,37.49,18.62,41.04,12.51,52.65,44.45
9/7/2016,24.52,28.61,35.45,-15.88,20.78,37.51,18.84,41.37,12.45,53.41,44.56
9/8/2016,23.53,28.37,34.82,-14.45,20.56,37.64,18.72,40.17,11.86,51.57,45.06
9/9/2016,20.48,23.98,31.07,-16.93,18.15,34.77,15.32,36.84,8.44,45.47,39.65
9/12/2016,22.22,26.47,33.48,-16.21,19.48,36.89,16.79,39.1,9.6,47.29,41.93
9/13/2016,20.41,23.97,31.82,-18.68,17.31,34.91,14.92,38.13,7.44,43.47,39.99
9/14/2016,20.41,23.83,31.42,-19.63,16.93,34.84,14.7,38.86,7.26,43.96,40.53
9/15/2016,21.28,25.19,32.47,-18.73,17.76,36.35,15.67,41.23,8,44.68,41.6
9/16/2016,21.04,24.68,32.05,-19.41,16.77,36.52,14.79,40.72,7.62,44.49,42.9
9/19/2016,20.99,23.84,31.89,-19.49,17.33,36.02,15.24,40.56,8.03,45.94,44.37
9/20/2016,21,23.58,32.14,-20.19,17.42,36.49,15.23,40.5,7.68,45.72,44.17
9/21/2016,22.1,25.17,32.9,-18.42,18.22,37.82,16.73,42.07,9.48,47.55,47.2
9/22/2016,23.1,26.61,34.09,-18.17,18.66,38.88,17.72,42.94,9.91,50.43,48.17
9/23/2016,22.84,27.07,33.4,-19.29,17.84,38.33,16.85,41.58,9.35,50.81,47.83
9/26/2016,21.48,26.37,32.28,-19.62,15.98,36.64,16.31,40.65,8.78,51.09,47.54
9/27/2016,22.59,27.23,32.9,-20.05,16.93,37.67,17.17,42.22,9.19,49.77,45.81
9/28/2016,22.85,25.95,33.09,-16.46,17.6,37.55,18.08,42.71,10.56,50.93,45.54
9/29/2016,22.11,25.69,31.95,-16.44,15.84,35.04,17.12,41.84,9.64,48.93,43.48
9/30/2016,23.13,25.31,33.25,-15.33,17.47,36.46,18.17,42.69,10.43,48.18,42.47
10/3/2016,23.09,25.43,32.48,-15.46,16.94,36.23,18.17,42.18,10.25,45.59,40.64
10/4/2016,22.69,23.37,31.31,-16.28,17.46,36.02,17.34,41.92,8.53,43.39,37.53
10/5/2016,23.19,22.51,31.16,-15.02,19.21,36.52,18.08,42.59,9.25,40.56,37.16
10/6/2016,23.24,22.41,31.33,-14.88,19.24,36,18.1,42.93,10.11,40.74,37.12
10/7/2016,22.68,21.86,31.06,-15.33,19.32,36.11,16.59,42.53,8.25,40.39,36.91
10/10/2016,22.86,22.4,31.14,-14.01,19.94,36.76,16.72,43.49,8.84,41.22,38.16
10/11/2016,21.42,22.13,30.36,-15.02,18.67,33.34,15.41,41.69,7.35,39.87,36.42
10/12/2016,21.91,22.84,31.03,-15.4,18.86,32.66,15.62,41.78,7.26,41.72,37.78
10/13/2016,21.41,22.84,31.02,-15.9,17.51,32.72,15.5,40.89,6.59,42.59,39.52
10/14/2016,21.24,22.65,31.12,-16.3,18.1,31.81,15.67,41.5,6.97,42.2,38.84
10/17/2016,20.35,22.88,30.6,-16.69,17.6,31.54,15.48,41.13,7.16,42.41,39.57
10/18/2016,21.02,23.07,31.03,-16.37,18.44,32.94,15.7,42.04,8.13,43.23,40.69
10/19/2016,21.68,23.31,30.31,-15.22,19.43,32.49,16.07,42.1,9.01,43.73,40.4
10/20/2016,21.4,20.84,30.12,-15.29,19.3,33.11,15.51,41.73,8.88,43.32,40.31
10/21/2016,22.23,18.09,30.74,-15.85,19.31,31.93,15.38,42.49,8.73,43.1,39.58
10/24/2016,23.08,17.19,31.69,-16.06,19.82,31.8,15.77,44.23,9.03,43.57,40.13
10/25/2016,21.61,16.52,32.07,-16.61,19.52,31.3,15.16,43.7,7.91,43.16,40.88
10/26/2016,21.1,15.84,32.02,-16.41,20.16,30.21,15.53,42.97,7.76,41.38,41.16
10/27/2016,20.03,17.71,31.34,-16.69,20.35,30.63,14.73,42.28,7.54,38.07,40.49
10/28/2016,19.86,17.37,31.96,-17.16,19.85,27.98,15.4,42.23,7.53,38.42,40.86
10/31/2016,20.07,17.33,32.21,-18.14,19.82,27.36,15.72,42.29,7.72,40.47,43.67
11/1/2016,19,16.1,31.6,-18.04,19.31,26.7,14.69,41.14,7.07,37.5,41.06
11/2/2016,18.35,14.65,31.36,-18.94,18.39,26.08,14.17,40.16,6.4,35.36,39.26
11/3/2016,18.01,14.69,30.41,-18.6,18.61,24.69,13.92,39.08,6.57,34.6,39.81
11/4/2016,17.83,14.76,29.16,-19.01,18.14,25.64,14.16,38.58,7.05,35.56,39.32
11/7/2016,20.49,15.77,31.41,-17.25,21.16,28.73,16.94,41.84,8.64,37.89,41.93
11/8/2016,21.02,16.51,32.01,-17.08,21.31,29.11,17.65,42.51,9.12,38.64,43.05
11/9/2016,21.49,17.54,30.34,-15.66,26.29,33.24,20.81,42.34,11.9,36.18,38.31
11/10/2016,22.1,14.82,26.77,-15.4,30.91,34.82,23.42,40.22,13.04,33.91,35.03
11/11/2016,23.03,14.77,26.6,-16.75,31.72,33.01,23.99,41.1,12.09,34.33,34.72
11/14/2016,23.23,13.77,26.36,-16.38,34.68,32.76,24.78,38.99,12.87,37.06,34.63
11/15/2016,23.55,16.1,27.25,-14.08,34.8,33.2,25.17,40.84,13.38,36.18,36.85
11/16/2016,24.19,17.31,27.27,-14.68,33.05,32.59,24.54,42.12,13.19,36.14,35.97
11/17/2016,25.67,17.55,27.09,-15.23,34.66,33.25,24.85,43.15,13.2,34.95,35.93
11/18/2016,25.26,18.19,26.64,-14.84,34.88,31.91,24.86,42.88,13.11,35.28,35.63
11/21/2016,26.06,18.96,27.51,-12.89,35.28,32.31,25.49,44.31,14.48,35.15,37.21
11/22/2016,27.7,21.41,28.14,-12.89,35.54,30.53,26.19,44.56,15.54,37.45,37.78
11/23/2016,27.9,22.43,27.44,-12.47,36.28,31.1,27.21,43.95,16.04,36.71,36.43
11/24/2016,27.9,22.43,27.44,-12.47,36.28,31.1,27.21,43.95,16.04,36.71,36.43
11/25/2016,28.25,23.72,28.42,-12.86,36.6,31.66,27.84,44.48,16.43,37.37,38.4
11/28/2016,27.17,24.71,28.61,-14.08,34.71,30.51,26.85,44.3,15.77,37.74,40.94
11/29/2016,27.49,24.31,28.76,-15.14,35.06,31.35,26.86,44.53,15.84,38.84,41.5
11/30/2016,26.37,21.68,26.78,-10.66,36.73,30.12,26.82,42.85,16.82,37.17,37.12
12/1/2016,26.54,22.02,25.9,-10.4,38.91,29.08,27.82,39.59,16.75,35.14,35.94
12/2/2016,25.85,21.62,26.78,-10.29,37.66,29.49,27.7,40.18,16.96,36.61,37.14
12/5/2016,27.18,21.66,26.96,-9.5,39.3,29.4,27.77,41.72,18.18,37.67,37.47
12/6/2016,27.67,23.42,27.39,-9.53,40.7,29.79,28.26,42.1,18.46,38.29,37.21
12/7/2016,30.03,26.33,29.31,-8.94,42.85,28.79,30.48,44.72,20.07,41.18,39.01
12/8/2016,30.36,26.01,28.82,-8.46,44.31,29.12,30.08,45.41,21.01,41.96,39.54
12/9/2016,30.55,26.32,30.56,-8.08,44.51,30.64,30.56,46.29,20.78,41.83,40.83
12/12/2016,29.43,27.66,31.13,-7.5,43.08,31.3,29.99,45.71,20.07,42.96,42.16
12/13/2016,30.41,28.82,31.69,-6.38,43.4,32.22,29.77,47.44,19.82,43.22,43.58
12/14/2016,29.49,27.53,30.32,-8.47,42.53,31.63,28.45,47.03,18.46,40.3,40.66
12/15/2016,29.19,28.39,30.97,-8.09,43.95,32.45,28.63,47.6,19.26,39.46,41.64
12/16/2016,28.66,29.18,31.62,-7.62,42.7,32.61,28.32,46.53,18.65,41.3,43.24
12/19/2016,28.97,30.57,31.83,-8.03,42.96,31.96,29.08,47.46,18.61,42.68,43.78
12/20/2016,29.98,31.31,31.67,-8.19,44.58,31.92,29.92,47.98,18.91,42.94,43.91
12/21/2016,29.87,30.82,31.68,-8.06,44.21,31.18,29.38,47.66,18.89,41.04,43.37
12/22/2016,28.39,32.12,31.49,-7.67,43.85,31.33,29.1,47.14,18.12,40.9,43.87
12/23/2016,28.12,32.27,31.68,-7.85,44.09,32.39,29.23,47.29,18.46,41.13,43.86
12/26/2016,28.12,32.27,31.68,-7.85,44.09,32.39,29.23,47.29,18.46,41.13,43.86
12/27/2016,28.6,32.14,31.73,-7.59,44.32,32.57,29.49,47.98,19.05,41.42,43.93
12/28/2016,27.79,31.65,30.94,-8.54,42.9,31.6,28.16,46.63,17.77,40.41,42.55
12/29/2016,27.63,32.18,31.46,-8.77,41.95,31.76,28.16,46.63,17.83,41.95,44.34
12/30/2016,26.5,31.52,30.86,-9.05,42.24,31.28,27.62,45.21,16.86,43.29,43.62
1/2/2017,26.5,31.52,30.86,-9.05,42.24,31.28,27.62,45.21,16.86,43.29,43.62
1/3/2017,27.27,34.08,31.26,-7.95,43.52,33.04,28.52,46.44,17.75,43.85,43.18
1/4/2017,29.01,33.74,31.42,-8.1,44.99,34.09,29.35,47.15,19.69,45.86,43.79
1/5/2017,28.74,33.65,31.7,-8.37,43.45,34.64,28.69,47.31,19.18,46.33,43.84
1/6/2017,29.09,31.47,31.75,-8.37,43.98,35.06,29.21,48.61,18.99,46.17,44.24
1/9/2017,28.96,29.98,30.86,-9.77,42.76,35.71,28.23,48.86,18.7,45.09,42.23
1/10/2017,29.57,30.06,30.09,-10.6,43.41,36.2,28.83,48.84,19.18,43.64,41.95
1/11/2017,29.81,29.44,30.4,-9.52,44.1,34.91,29.61,49.78,20.08,43.03,43.34
1/12/2017,29.7,30.23,30.31,-9.98,42.89,34.99,29.02,49.32,19.53,43.62,43.56
1/13/2017,30.07,30.05,30.3,-10.21,43.73,35.21,29.6,49.82,19.51,43.42,43.41
1/16/2017,30.07,30.05,30.3,-10.21,43.73,35.21,29.6,49.82,19.51,43.42,43.41
1/17/2017,30.3,30.55,31.99,-9.66,40.43,34.55,28.46,49.11,18.9,44.57,44.88
1/18/2017,30.11,29.53,32.47,-9.96,41.55,34.39,29.01,49.63,19.79,44.81,44.72
1/19/2017,29.53,29.92,31.96,-10.6,40.71,33.51,29.55,49.22,18.81,43.33,43.42
1/20/2017,29.88,31.02,32.87,-10.12,41.4,33.15,29.59,49.99,19.76,44.33,43.69
1/23/2017,29.93,31.63,32.71,-11.16,40.63,32.56,28.71,50.04,20.07,45.34,43.01
1/24/2017,31.08,28.18,33.74,-10.24,42.39,31.84,30.24,51.7,23.12,45.48,43.12
1/25/2017,31.93,27.89,33.77,-9.68,44.66,32.99,31.67,53.29,23.92,44.64,43.13
1/26/2017,32.09,27.94,33.18,-9.7,45.11,32.02,31.82,52.9,24.08,44.49,43.26
1/27/2017,31.61,28.82,32.35,-10.57,44.42,33.04,31.55,53.4,23.87,43.05,43.16
1/30/2017,31.46,28.21,32.43,-12.19,43.33,32.4,30.49,52.15,22.47,42.25,43.1
1/31/2017,31.2,28.39,32.9,-12.25,42.52,34.29,29.46,51.33,21.88,43.38,45.4
2/1/2017,30.92,27.41,32.16,-12.88,42.65,35.33,29.31,52.39,22.51,41.66,42.89
2/2/2017,30.79,25.86,33.13,-12.42,42.07,35.46,28.89,52.47,22.07,43.33,44.21
2/3/2017,30.73,26.36,33.84,-11.59,44.89,36.32,30.1,53.68,22.46,44.31,44.6
2/6/2017,30.3,25.31,33.25,-12.46,44.34,36.22,29.99,53.84,22.12,43.65,44.31
2/7/2017,30.13,25.35,34.33,-13.7,44,36.28,30.13,54.4,21.23,43.29,44.58
2/8/2017,30.97,25.73,34.88,-13.56,42.95,36.1,29.96,54.67,21.5,44.43,45.84
2/9/2017,31.93,26.39,35.48,-12.73,44.91,36.79,31.03,55.36,21.8,44.95,44.76
2/10/2017,32.73,26.74,35.42,-12,45.29,36.98,32.03,55.69,22.86,45.94,45.71
2/13/2017,32.82,25.18,35.46,-11.9,46.85,37.89,33.18,56.65,23.93,46.53,46.33
2/14/2017,33.56,25.04,35.55,-11.58,48.63,38.93,33.19,57.16,23.94,45.88,45.33
2/15/2017,34.23,25.35,36.65,-11.98,49.69,40.52,33.95,57.82,24,45.46,44.94
2/16/2017,33.59,25.93,36.7,-13.19,49.53,40.29,33.99,58.15,23.91,46.24,46.37
2/17/2017,34,27.05,37.57,-13.68,49.47,40.5,34.12,58.55,23.56,46.56,46.46
2/20/2017,34,27.05,37.57,-13.68,49.47,40.5,34.12,58.55,23.56,46.56,46.46
2/21/2017,34.84,27.84,38.93,-13.05,50.16,41.18,34.78,59.44,24.36,48.52,47.96
2/22/2017,34.82,27.92,38.74,-14.46,50.31,40.9,34.38,59.67,24.36,48.11,48.51
2/23/2017,33.81,29.08,39.03,-14.09,50.48,41.89,33.36,59.39,23.29,48.94,50.09
2/24/2017,34.41,29.88,39.59,-14.93,49.41,42.62,34.05,59.73,23.41,49.67,52.1
2/27/2017,34.64,28.33,38.85,-14.15,50.1,43.25,34.67,59.7,23.29,50.48,51.38
2/28/2017,33.65,27.67,39.11,-14.45,49.7,42.82,33.83,58.85,23.2,49.72,52.7
3/1/2017,35.03,28.35,39.8,-12.67,53.93,44.32,36.23,61.25,25.62,49.38,51.57
3/2/2017,34.88,28.37,39.75,-13.52,51.58,43.98,34.81,60.1,24.07,48.84,52.58
3/3/2017,34.56,28.35,39.23,-13.85,52.16,44.52,34.92,60.35,24.08,48.37,52.04
3/6/2017,34.08,28.06,38.62,-13.61,51.2,43.82,34.44,60.06,23.09,47.57,51.7
3/7/2017,33.63,27.12,38.43,-14.44,50.75,42.86,33.93,60.25,22.2,46.99,51.67
3/8/2017,34.14,26.6,38.14,-16.66,50.64,43.34,33.44,60.39,22.24,44.66,49.38
3/9/2017,33.99,27.13,38.44,-16.23,51.05,44.15,32.75,60.29,21.63,42.79,49.05
3/10/2017,34.28,27.99,39.06,-16.28,50.99,44.65,33.67,61.13,22.15,42.47,50.31
3/13/2017,34.49,28.24,39.06,-16.23,51.13,44.56,33.64,61.36,22.69,42.77,50.69
3/14/2017,34.51,27.62,38.84,-17.19,50.98,44.05,32.46,60.93,21.82,42.53,50.53
3/15/2017,35.32,29.36,39.92,-15.39,50.81,45.79,34.04,61.97,23.94,45.37,53.04
3/16/2017,35.45,28.98,40,-15.91,51.34,44.49,33.59,62.36,23.28,45.05,51.49
3/17/2017,35.59,29.69,39.84,-15.99,49.92,43.82,34.19,62.49,23.93,45.47,52.45
3/20/2017,35.17,29.23,39.98,-16.09,48.54,43.55,33.82,62.61,24.28,45.47,51.35
3/21/2017,33.44,28.48,39.82,-16.75,44.09,42.33,31.62,60.1,21.87,45.07,53.36
3/22/2017,33.61,27.1,39.65,-16.87,43.77,42.48,32.02,61.32,22.28,45.25,53.92
3/23/2017,33.91,26.95,39.33,-17.14,44.15,41.99,31.95,60.88,22.81,46.35,53.61
3/24/2017,34.11,27.11,38.97,-17.51,44.01,42.05,31.52,60.98,21.63,46.17,54.18
3/27/2017,34.14,26.17,38.91,-17.84,43.35,42.61,31.06,61.15,21.91,45.13,53.56
3/28/2017,35.2,26.44,39.32,-16.71,45.26,42.71,32.46,62.26,23.31,45.81,53.67
3/29/2017,36,26.27,39.55,-15.63,44.53,42.72,32.48,62.62,23.38,46.42,53.12
3/30/2017,36.4,26.82,39.18,-15.29,46.48,42.73,33.27,62.86,23.57,46.8,52.15
3/31/2017,36.45,26.19,38.89,-15.51,45.47,42.38,32.99,62.7,23.59,47.57,52.59
4/3/2017,35.78,26.64,38.66,-15.71,44.9,42.42,32.44,62.32,22.96,47.71,52.55
4/4/2017,35.47,27.18,38.99,-15.07,44.73,42.31,32.65,62.32,23.45,47.5,53.12
4/5/2017,35.12,26.65,38.76,-15.45,43.57,41.82,32.19,61.71,22.98,47.63,53.91
4/6/2017,35.71,26.05,38.74,-14.73,44.45,42.07,32.7,61.75,23.66,48.48,53.75
4/7/2017,35.22,26.29,39.06,-15.08,43.97,42.35,32.81,61.65,23.74,48.71,53
4/10/2017,35.7,25.94,39.45,-14.36,43.6,42.15,33.21,61.46,23.67,49.7,53.2
4/11/2017,35.78,26.01,39.55,-14.43,43.4,42.04,33.51,60.87,23.72,50.64,53.28
4/12/2017,35.14,26.71,40.13,-14.82,42.06,42.01,31.58,60.11,21.95,50.41,54.26
4/13/2017,34.22,25.88,39.38,-16.44,40.2,41.61,30.56,59.45,20.56,50.04,53.62
4/14/2017,34.22,25.88,39.38,-16.44,40.2,41.61,30.56,59.45,20.56,50.04,53.62
4/17/2017,35.51,26.21,40.37,-16.27,42.46,42.07,31.98,61.04,21.48,51.88,54.47
4/18/2017,35.62,26.5,41.06,-17.02,41.39,40.71,31.72,60.97,21.4,52.22,54.69
4/19/2017,35.84,26.25,40.47,-18.26,41.15,41.12,31.96,60.95,21.54,51.93,53.7
4/20/2017,37.26,25.95,40.16,-17.95,43.35,41.91,33.49,62.54,23.09,52.02,53.03
4/21/2017,36.96,24,39.82,-18.29,42.17,41.21,33.55,62.45,23.08,51.39,53.84
4/24/2017,37.84,23.96,41.14,-17.85,45.21,42.57,35.41,64.61,24.68,50.03,54.58
4/25/2017,38.91,23.64,41.64,-17.02,46.36,43.23,36.25,65.65,26.44,50.38,54.5
4/26/2017,39.67,25.12,40.54,-17.34,46.55,43.96,36.15,65.21,26.22,49.23,54.11
4/27/2017,40.36,23.53,40.34,-18.32,45.83,44.37,36.21,66.21,25.97,49.41,54.54
4/28/2017,39.63,22.23,40.3,-18.28,44.34,44.75,35.45,66.61,25.03,48.17,53.77
5/1/2017,39.72,21.27,39.58,-18.48,45.11,45.03,35.1,68,24.92,49.12,52.8
5/2/2017,39.99,21.24,38.8,-18.9,44.95,45.51,35.75,68.43,24.9,48.99,53.1
5/3/2017,39.25,20.3,38.95,-18.7,45.86,44.91,35.77,68.21,23.54,47.12,52.41
5/4/2017,39.08,18.87,39.92,-20.33,46.2,45.72,35.74,68.36,23.68,46.92,52.95
5/5/2017,39.91,20.6,40.27,-18.9,46.02,45.67,36.52,68.97,25.28,48.25,53.88
5/8/2017,40.16,20.88,40.24,-18.33,45.87,44.83,36.05,69.64,24.24,47.42,53.8
5/9/2017,40.93,20.14,39.66,-19.03,45.18,45,36.25,69.91,23.44,46.6,52.39
5/10/2017,40.67,20.45,39.85,-17.9,45.57,44.73,35.87,70.63,24.02,47.47,52.75
5/11/2017,39.75,19.76,39.97,-18.08,44.7,44.8,35.77,70.47,23.66,46.63,52.94
5/12/2017,39.36,19.72,39.64,-18.39,44.04,44.54,34.79,70.93,23.44,46.09,53.7
5/15/2017,39.39,19.47,40.18,-17.82,45.18,45.42,35.46,71.94,24.54,46.75,54.27
5/16/2017,38.9,18.76,39.96,-18.15,45.41,44.89,35.34,72.89,24.63,45.88,52.98
5/17/2017,36.61,16.62,39.71,-18.99,40.97,42.99,32.59,67.99,21.98,46.51,53.42
5/18/2017,37.35,17.98,39.76,-19.06,41.48,43.56,32.77,68.9,21.86,46.96,53.9
5/19/2017,38.15,18.99,40.51,-17.99,42.6,43.99,34.55,69.81,22.97,47.89,54.47
5/22/2017,38.89,19.11,41.39,-18.15,43.06,44.34,35.48,71.47,23.05,48.33,55.82
5/23/2017,38.31,19.25,41.48,-18.03,44.23,44.8,35.78,71.62,23.44,48.47,56.28
5/24/2017,38.82,18.47,42.15,-18.44,44.13,45.17,35.83,72.47,24.1,49.46,57.33
5/25/2017,40,18.9,43.1,-20.01,44.48,45.94,36.6,73.8,23.91,49.79,58.6
5/26/2017,40.45,18.67,43.56,-19.95,44.35,45.67,36.71,73.83,24.16,48.77,58.47
5/29/2017,40.45,18.67,43.56,-19.95,44.35,45.67,36.71,73.83,24.16,48.77,58.47
5/30/2017,40.49,20.33,43.5,-21.02,43.25,45.42,36.52,74.33,24.07,48.21,58.96
5/31/2017,40.81,20.76,43.92,-21.34,42.28,46.03,36.77,73.83,24.23,48.14,59.77
6/1/2017,42.2,21.58,45.03,-20.79,44.09,47.86,37.9,74.5,25.76,48.98,60.98
6/2/2017,42.74,21.54,45.52,-21.77,43.56,48.75,38.64,76.27,26.16,50.23,61.27
6/5/2017,42.24,21.35,45.63,-21.62,43.6,48.28,37.98,76.34,25.65,49.65,60.41
6/6/2017,41.12,21.29,45.21,-20.64,42.94,47.88,37.11,76.06,25.6,49.01,60.14
6/7/2017,41.47,21.37,45.16,-21.93,44.1,48.32,36.93,76.5,25.67,49.75,60.69
6/8/2017,40.7,20.7,44.08,-22.15,45.93,48.15,37.57,77.24,26.35,49.31,59.44
6/9/2017,40.23,21.74,44.04,-20.16,48.85,48.94,38.23,72.47,27.95,50.26,59.52
6/12/2017,40.16,22.87,43.98,-19.61,49.07,48.67,38.8,71.1,27.4,51.36,59.23
6/13/2017,41,21.67,44.25,-18.97,49.72,49.02,39.29,72.52,28.97,51.68,59.6
6/14/2017,40.92,21.99,45.09,-20.6,49.96,49.68,39.05,71.58,27.47,52.11,60.52
6/15/2017,40.27,22.02,44.8,-21.22,49.41,49.54,39.79,70.76,26.19,52.72,61.38
6/16/2017,40.16,21.94,43.27,-19.91,49.21,49.77,40.19,70.48,26.65,52.47,62.2
6/19/2017,41.28,21.64,44,-20.43,50.51,51.41,41.01,73.24,27.69,52.68,61.5
6/20/2017,39.47,20.35,43.41,-21.46,49.2,51.85,39.33,71.83,26.95,52.27,61.42
6/21/2017,39.56,18.87,42.97,-22.81,47.96,53.65,38.29,72.94,25.61,51.81,60.39
6/22/2017,39.38,18.78,42.06,-22.89,47.07,55.26,38.08,73.05,25.87,51.96,59.7
6/23/2017,39.36,18.58,42.15,-22.23,46.45,55.2,38.65,74.28,26.42,52.59,59.19
6/26/2017,39.84,19.3,42.72,-22.38,47.23,54.94,38.68,73.3,26.78,53.42,60.36
6/27/2017,38.84,17.64,41.44,-22.51,47.93,53.48,37.57,70.39,25.92,52.58,58.43
6/28/2017,40.2,18.15,42.07,-22.04,50.28,54.39,38.95,72.71,27.46,52.8,57.16
6/29/2017,38.92,17,40.43,-21.89,51.27,53.04,37.84,69.54,26.17,51.09,55.88
6/30/2017,39.7,17.36,40.76,-21.62,51.1,52.9,38.91,69.35,26.85,51.03,55.69
7/3/2017,39.53,18.37,40.61,-19.99,53.25,53.13,39.81,67.99,27.93,52.65,54.99
7/4/2017,39.53,18.37,40.61,-19.99,53.25,53.13,39.81,67.99,27.93,52.65,54.99
7/5/2017,39.11,17.93,40.47,-21.71,53.5,53.99,40.16,69.69,27.45,50.75,54.37
7/6/2017,37.7,16.63,39.72,-22.63,52.39,51.95,38.76,68.19,26.84,47.95,54.14
7/7/2017,38.85,16.18,39.68,-22.72,53.31,52.89,39.88,70.39,27.47,48.99,54.44
7/10/2017,39,15.57,38.69,-22.45,52.99,52.42,40.04,71.69,28.19,47.59,54.07
7/11/2017,38.75,14.76,38.32,-22.02,52.03,52.35,40.01,72.33,28.16,47.43,54.01
7/12/2017,39.75,15.31,39.09,-21.82,52.22,53.4,40.83,74.59,29.54,49.38,55.38
7/13/2017,39.96,14.65,39.12,-21.42,53.12,53.49,40.77,75.12,29.57,49.65,54.74
7/14/2017,40.31,14.96,40.17,-20.97,52.37,54.46,41.39,76.64,30.13,51.16,55.53
7/17/2017,40.68,15.21,40.3,-21.07,52.19,54.03,41.33,76.73,30.45,51.67,56.08
7/18/2017,41.14,14.09,40.33,-21.48,51.79,54.05,40.93,77.58,29.84,51.51,56.49
7/19/2017,41.93,14.54,40.93,-20.24,52.15,55.26,41.34,78.68,31.32,52.69,57.28
7/20/2017,41.61,16.15,40.92,-20.6,52.08,56.2,40.58,78.76,30.27,52.14,58.51
7/21/2017,41.74,16.2,41.29,-21.36,51.96,56.06,40.24,78.57,30.09,52.35,59.8
7/24/2017,41.22,15,40.78,-21.61,52.51,56,39.69,79.1,29.88,52.11,58.37
7/25/2017,42.3,15.37,41.85,-20.55,54.5,55.04,39.7,78.92,31.44,52.31,57.77
7/26/2017,42.24,18.69,41.84,-20.48,53.35,54.43,39.64,79.22,30.43,53.25,58.99
7/27/2017,43.16,24.75,43.07,-19.69,52.6,53.32,38.95,77.74,29.98,53.15,59.38
7/28/2017,42.13,24.1,41.8,-19.86,52.62,54.02,39.2,77.51,29.29,52.9,59.14
7/31/2017,41.98,24.55,41.69,-19.74,53.56,53.77,39.01,76.61,28.45,52.79,59.7
8/1/2017,42.35,24.94,41.53,-19.75,54.76,53.4,38.74,77.56,28.59,53.4,60.55
8/2/2017,41.88,23.33,41.41,-20.01,54.86,53.11,39.14,78.06,28.6,52.39,61.14
8/3/2017,41.45,23.4,41.13,-21.09,54.21,53.34,39.72,77.56,27.69,51.91,61.69
8/4/2017,41.59,24.09,40.86,-20.74,55.29,53.02,40.14,77.86,28.38,52.43,61.38
8/7/2017,41.87,24.17,41.88,-21.47,54.97,53.3,40.03,78.91,28.47,52.36,61.73
8/8/2017,41.8,23.48,41.33,-21.63,54.73,52.55,39.66,78.7,27.35,51.56,62.4
8/9/2017,41.07,23.04,41.55,-21.59,54.49,52.69,39.61,78.65,27.25,51.43,61.63
8/10/2017,38.88,22.51,40.89,-22.46,51.74,50.69,37.71,74.88,25.68,50.11,62.01
8/11/2017,39.59,22.41,41.01,-22.96,50.93,51.23,37.86,76.18,25.51,49.22,61
8/14/2017,40.58,23.92,41.79,-23.19,53.11,52.25,39.35,79,26.75,51.78,62.03
8/15/2017,39.19,22.65,42.39,-23.51,53.31,52.25,38.92,79.42,26.73,51.24,62.71
8/16/2017,39.81,22.79,42.9,-24.29,52.98,52.68,39.14,79.93,27.89,51.72,63.38
8/17/2017,37.62,20.79,41.57,-25.37,50.22,50.75,36.72,76.35,25.81,50.54,62.19
8/18/2017,36.94,20.14,41.09,-24.9,50.16,50.15,36.21,76.26,25.91,49.38,63.09
8/21/2017,37.16,20.95,41.69,-25.36,49.82,50.83,36.29,76.12,25.89,51.01,63.61
8/22/2017,38.57,22,41.78,-24.82,51.37,52.58,37.77,78.68,27.45,50.85,64.13
8/23/2017,37.45,22,41.32,-24.5,51.06,51.47,36.6,78.36,27.32,52.23,64.62
8/24/2017,37.17,21.58,39.39,-24.51,50.98,51.88,36.08,78.19,27.11,51.98,64.58
8/25/2017,37.57,22.51,39.75,-24.08,51.41,51.81,36.73,78.03,27.52,52.67,65.04
8/28/2017,37.68,22.5,39.45,-24.45,50.66,52.72,36.76,78.56,27.88,51.92,65.39
8/29/2017,37.4,22.24,39.82,-24.49,49.97,52.97,37.67,79.28,27.36,51.8,65.09
8/30/2017,38.36,21.48,39.91,-24.47,50.66,53.82,38.25,80.81,28.35,52.66,64.47
8/31/2017,39.11,20.99,40.01,-24.05,50.72,56.47,38.9,82.13,29.38,53.55,64.58
9/1/2017,39.81,21.09,40.61,-23.33,51.4,56.38,39.19,82.05,30.34,53.61,64.2
9/4/2017,39.81,21.09,40.61,-23.33,51.4,56.38,39.19,82.05,30.34,53.61,64.2
9/5/2017,39.2,19.69,40.83,-22.91,47.91,55.69,37.71,80.41,28.59,53.39,64.58
9/6/2017,39.93,18.18,41.34,-21.63,48.22,56.37,37.83,80.7,28.92,53.63,63.75
9/7/2017,38.88,15.72,41.62,-21.5,45.75,58,37.88,81.57,29.17,54.64,65.01
9/8/2017,38.47,15.56,40.73,-22.37,46.99,58.65,38.46,80.04,29.21,54.72,65.72
9/11/2017,39.25,15.9,41.67,-21.55,49.63,59.95,39.62,82.75,30.75,55.91,67.27
9/12/2017,39.99,17.49,41.89,-21.03,51.53,60.3,40.41,83.09,31.71,54.22,64.44
9/13/2017,40.97,18.34,42,-19.99,51.83,59.7,40.25,82.78,31.58,53.72,63.55
9/14/2017,40.25,17.88,41.69,-19.67,51.26,59.88,40.8,82.15,31.88,54.77,65.01
9/15/2017,40.06,19.97,42.06,-19.46,51.99,59.45,41.48,82.74,31.97,55.21,65.2
9/18/2017,39.52,20.55,42.14,-19.06,53.53,59.4,42.44,82.81,32.86,54.45,63.65
9/19/2017,39.46,23.2,41.75,-18.76,54.67,58.06,42.59,83.46,33.5,53.03,63.3
9/20/2017,39.9,23.73,40.54,-18.11,55.68,58.31,43.63,82.57,34.12,52.65,62.09
9/21/2017,39.57,22.76,39.18,-18.22,55.98,57.5,44.03,81.53,33.85,52.24,61.94
9/22/2017,39.93,24.4,38.88,-17.78,56.05,57.7,44.51,81.75,33.52,51.24,60.85
9/25/2017,39.75,25.48,39.8,-16.46,55.89,57.21,44.59,79.19,33.6,51.94,62.21
9/26/2017,39.77,24.43,40.09,-16.6,55.85,56.93,44.67,79.84,33.21,51.95,61.98
9/27/2017,40.64,24.55,39.12,-16.19,58,57.04,45.02,82.01,33.43,50.79,60
9/28/2017,40.62,24.84,39.18,-16.08,58.31,57.27,44.95,82.27,34.37,51.92,60.56
9/29/2017,41.13,25.02,39.06,-16.1,58.83,58.21,45.33,83.55,34.32,52.06,60.27
10/2/2017,41.46,24.94,38.83,-16.13,60.24,59.8,46.48,83.87,35.99,51.67,60.79
10/3/2017,41.99,26.36,38.95,-16.2,60.67,59.81,47.15,84.33,36.6,51.71,60.24
10/4/2017,42.61,26.46,39.46,-16.28,60.05,60.48,47.01,84.15,36.5,52.79,61.82
10/5/2017,43.37,26.31,40.03,-15.92,61.69,60.58,47.31,85.98,37.26,53.32,61.67
10/6/2017,43.58,25.21,38.74,-16.7,61.77,60.49,47.26,86.54,37.06,52.92,61.52
10/9/2017,42.98,25,38.34,-16.46,61.19,59.32,46.73,86.95,36.94,53.12,61.76
10/10/2017,42.89,25.5,39.68,-16.39,61.91,59.61,46.89,87.07,36.98,53.47,63.31
10/11/2017,42.9,24.68,40,-16.17,61.66,59.97,46.85,87.89,37.1,54.23,64.06
10/12/2017,41.92,20.36,40.6,-16.54,60.56,59.77,47.59,87.99,37.4,55.19,64.91
10/13/2017,42.46,19.53,40.8,-16.57,60.47,59.26,47.22,88.91,38.13,55.49,63.72
10/16/2017,42.7,20.41,40.84,-16.39,61.5,58.69,47.46,89.53,37.96,54.82,63.39
10/17/2017,42.77,20.63,40.3,-16.35,60.56,60.66,47.01,89.46,37.6,54.93,64.36
10/18/2017,42.55,19.97,40.14,-16.97,61.5,60.99,47.22,90.09,37.37,54.72,64.24
10/19/2017,42.58,20.5,39.41,-17.27,61.77,61.94,47.54,89.39,37.82,54.52,65.79
10/20/2017,43.07,20.74,39.17,-17.07,63.58,62.2,49.1,90.66,39.01,54.11,65.94
10/23/2017,42.12,19.59,39.05,-17.64,63.21,61.76,47.97,89.94,38.63,53.43,65.99
10/24/2017,42.59,18.87,38.61,-17.41,64.37,60.71,48.83,90.61,39.53,52.48,66.01
10/25/2017,42.01,16.25,38.22,-17.98,63.55,60.47,47.36,89.94,38.77,52.04,65.33
10/26/2017,42.51,16.86,38.4,-17.8,64.56,58.87,47.75,90.65,40.32,51.2,65.43
10/27/2017,44.55,17.09,37.29,-17.55,64.56,58.89,47.69,95.9,39.71,51.72,66.54
10/30/2017,43.9,15.45,36.01,-17.18,63.63,57.15,46.45,96.58,38.97,52.24,66.46
10/31/2017,43.88,15.89,37.17,-16.82,63.3,57.08,46.18,97.4,39.26,52.6,66.65
11/1/2017,43.95,15.29,37.59,-15.83,63.54,57.23,45.95,97.4,40.03,52.63,65.67
11/2/2017,42.82,14.04,37.16,-16.09,65.04,56.63,46.82,97.55,39.16,53.88,66.3
11/3/2017,43.27,13.78,37.21,-15.82,64.42,57.95,46.64,99.12,38.87,53.67,66.8
11/6/2017,44.23,11.14,35.79,-13.86,64.25,57.39,46.73,99.9,38.37,55.84,66.23
11/7/2017,43.32,11.43,37.17,-14.04,62,57.71,46.8,100,38.4,57.24,68.13
11/8/2017,43.47,11.87,38.63,-14.4,61.09,58.14,46.58,101.08,38.39,58.26,68.16
11/9/2017,43.74,12.16,38.55,-14.07,60.54,58.09,44.82,99.38,37.24,58.26,68.3
11/10/2017,44.25,12.28,39.91,-14.52,60.16,57.06,45,99.37,36.91,58.31,67.51
11/13/2017,44.66,11.99,40.73,-15.07,60.55,57.3,44.33,99.33,37.66,58.84,69.4
11/14/2017,44.92,10.44,41.19,-16.48,60.51,56.68,43.79,99.01,36.34,58.66,71.61
11/15/2017,44.33,10.57,39.73,-17.46,60.8,56.25,43,97.46,35.56,57.4,70.02
11/16/2017,45.59,12.49,41.98,-17.75,60.92,58,44.48,100.15,37.36,58.25,69.72
11/17/2017,46.37,13.24,41.46,-17.3,60.83,57.42,43.89,98.95,37.55,57.43,68.67
11/20/2017,46.66,14.35,41.41,-17.47,61.67,56.78,44.6,99.59,37.85,57.03,68.14
11/21/2017,47.49,13.77,41.81,-17.27,62.15,58.21,45.65,101.99,38.7,58.03,68.56
11/22/2017,47.63,15.65,41.6,-16.85,61.53,58.18,45.86,101.44,38.4,57.55,68.58
11/23/2017,47.63,15.65,41.6,-16.85,61.53,58.18,45.86,101.44,38.4,57.55,68.58
11/24/2017,47.92,15.47,41.56,-16.65,61.26,58.55,45.89,102.51,38.95,58.04,68.79
11/27/2017,48.01,15.92,41.65,-17.56,61.24,58.6,46.1,102.41,38.16,57.51,69.58
11/28/2017,49.83,18.47,42.79,-16.89,65.39,59.72,48.36,102.91,39.69,57.13,70.42
11/29/2017,50.77,21.64,43.6,-16.48,68.45,60.56,49.68,97.76,39.97,56.91,70.6
11/30/2017,51.45,22.57,44.86,-15.15,69.21,61.78,51.88,99.59,40.76,57.07,71.41
12/1/2017,51.39,23.09,45.23,-14.35,69.53,61.45,50.2,98.4,39.65,57.39,70.78
12/4/2017,53.15,25,46.58,-14.42,72.04,59.45,51.4,94.57,40.95,55.75,69.89
12/5/2017,52.21,22.78,46.29,-14.88,70.86,59.13,50.02,94.93,40.17,54.96,67.81
12/6/2017,51.21,21.56,47.09,-16.09,70.27,58.92,50.16,96.22,39.37,54.98,68.39
12/7/2017,51.65,21.46,45.85,-15.78,70.8,59.08,51.44,97.57,40.39,55.62,68.74
12/8/2017,52.39,23.29,46.19,-15.02,71.67,60.74,52,98.39,40.4,56.09,69.27
12/11/2017,52.68,24.75,46.19,-14.37,71.21,61.35,51.58,99.92,40.53,56.24,70.13
12/12/2017,52.6,28.14,46.09,-14.66,72.85,61.98,51.71,99.39,40.43,56.95,67.13
12/13/2017,52.77,28,46.84,-14.83,70.77,62.54,52.3,99.49,40.77,57.08,67.51
12/14/2017,52.97,26.79,46.25,-15.17,69.58,60.9,51.22,99.29,39.07,57.07,67.09
12/15/2017,53.91,28.09,47.88,-15.24,71.54,62.82,52.48,101.77,39.92,57.76,67.9
12/18/2017,55.31,29.32,47.86,-14.56,72.99,62.79,53.63,103.4,42.05,58.46,66.01
12/19/2017,55.17,28.04,48.07,-14.49,72.26,62.64,53.51,102.34,41.92,55.32,63.09
12/20/2017,54.94,28.74,47.8,-13.24,71.86,62.23,54.02,102.18,42.18,53.6,61.9
12/21/2017,55.88,29.65,47.71,-11.37,73.32,61.81,54.21,101.62,42.63,53.03,60.07
12/22/2017,55.57,29.89,47.97,-11.17,72.95,61.34,54.2,101.41,43.01,54.13,60.37
12/25/2017,55.57,29.89,47.97,-11.17,72.95,61.34,54.2,101.41,43.01,54.13,60.37
12/26/2017,55.98,30.16,48.33,-10.35,72.34,61.46,54.35,100.02,43.06,54.92,59.47
12/27/2017,55.67,29.87,48.3,-10.65,72.42,61.76,54.72,100.34,43.17,55.58,60.17
12/28/2017,56.05,30.54,48.07,-10.55,73.18,61.96,55.01,100.59,43.82,56.47,61.09
12/29/2017,54.97,29.34,48,-10.91,71.96,60.78,54.5,99.36,43.35,56.42,61.08
1/1/2018,54.97,29.34,48,-10.91,71.96,60.78,54.5,99.36,43.35,56.42,61.08
1/2/2018,57.28,29.66,47.22,-9.27,71.84,62.8,55.64,102.19,45.76,55.73,59.74
1/3/2018,58.11,26.89,47.13,-7.89,72.65,64.3,56.34,104.35,46.74,55.65,58.51
1/4/2018,58.56,27.63,47.53,-7.3,74.32,64.49,57.47,105.4,47.83,52.97,57.25
1/5/2018,59.85,27.72,48.16,-7.36,74.94,65.97,58.46,107.76,49.07,53.3,57.13
1/8/2018,59.98,27.9,48.53,-6.76,74.73,65.31,59.07,108.63,49.3,54.22,58.53
1/9/2018,60.15,27.04,48.21,-7.07,75.98,67.19,59.84,108.05,48.76,52.38,56.95
1/10/2018,60.06,25.91,47.51,-7.17,77.46,66.95,59.8,107.36,48.12,50.17,55.01
1/11/2018,62.74,26.2,47.44,-5.26,78.47,67.78,62.04,108.53,50.22,49.52,54.55
1/12/2018,64.7,26.66,47.4,-4.37,80.04,69.04,63.37,109.79,50.33,48.42,53.66
1/15/2018,64.7,26.66,47.4,-4.37,80.04,69.04,63.37,109.79,50.33,48.42,53.66
1/16/2018,63.44,26.07,48,-5.62,79.38,69.69,61.87,108.89,48.57,49.01,53.31
1/17/2018,64.21,26.39,49.68,-4.82,80.87,71.34,62.57,112.15,49.31,50.07,54.36
1/18/2018,64.09,26.64,49.31,-5.65,80.5,71.35,61.71,112.46,49.05,48.52,53.33
1/19/2018,65.64,27.16,50.95,-5.71,81.85,72.15,62.37,112.92,50.15,49.58,52.97
1/22/2018,67.31,30.13,52.02,-3.72,83.24,73.51,62.28,114.56,49.92,50.98,53.16
1/23/2018,68.66,28.6,51.65,-3.86,83.34,72.72,62.39,115.86,49.93,53.06,54.63
1/24/2018,69.21,29.42,51.78,-4.13,84.34,73.22,62.03,113.88,50.41,52.49,53.84
1/25/2018,68.93,30.35,51.8,-4.91,84.05,74.78,62.29,113.37,51.42,52.4,56.07
1/26/2018,70.41,31.59,52.71,-4.35,85.41,78.38,64.03,116.8,51.99,52.6,56.05
1/29/2018,69.89,29.94,51.91,-5.89,84.5,77.96,62.96,114.97,50.5,50.72,54.08
1/30/2018,68.86,29.93,50.86,-7.81,82.36,74.29,61.58,112.8,49.18,49.81,54.3
1/31/2018,68.2,30.13,50.27,-7.77,82.51,71.81,62.08,114.24,48.93,52.68,55.86
2/1/2018,66.54,33.24,49.57,-6.74,84.53,72.1,61.94,114.23,47.17,49.87,53.47
2/2/2018,64.79,29.83,46.9,-10.61,80.66,69.71,58.59,108,43.42,48.29,52.3
2/5/2018,59.16,24.35,41.46,-14.43,71.87,62.1,51.61,99.65,38.64,44.06,49.55
2/6/2018,63.05,25.12,42.9,-13.74,74.58,63.84,53.92,105.1,42.02,43.91,47.54
2/7/2018,62.76,25.48,42.35,-15.3,74.95,63.7,54.33,102.42,41.01,43.33,46.97
2/8/2018,56.38,20.72,39.25,-17.92,67.3,57.92,48.52,94,36.03,38.97,45.3
2/9/2018,57.53,22.38,39.55,-17.97,70.45,60.17,50.01,98.78,38.15,42.2,48.6
2/12/2018,59.58,23.44,40.99,-16.57,72.66,61.74,52.22,102.31,40.97,42.59,49.61
2/13/2018,60.32,23.91,41.57,-16.99,73.43,61.79,52.63,102.86,40.91,43.51,50.07
2/14/2018,62.94,23.09,41.56,-15.72,77.47,63.79,54.57,106.98,42.99,42.69,48.56
2/15/2018,64.43,24.82,43.79,-15.92,78.54,65.65,56.79,110.89,43.98,44.11,51.73
2/16/2018,63.77,25.48,44.39,-16.09,78.53,66.76,56.95,110.42,43.98,45.21,52.96
2/19/2018,63.77,25.48,44.39,-16.09,78.53,66.76,56.95,110.42,43.98,45.21,52.96
2/20/2018,63.11,23.38,41.2,-16.56,77.99,65.01,55.4,110.96,43.22,43.58,51.02
2/21/2018,62.95,21.3,39.48,-17.98,78.02,64.38,55.5,109.79,42.68,41.08,49.09
2/22/2018,63.08,21.44,39.72,-17.02,76.53,64.06,56.48,109.96,43.48,42.63,49.8
2/23/2018,65.22,22.55,41.15,-15.18,79.08,66.6,57.73,114.38,45.4,45.14,53.74
2/26/2018,66.59,24.68,42.09,-14.63,81.62,68.64,59.75,117.68,46.1,45.69,53.28
2/27/2018,63.06,22.44,40.18,-15.82,79.85,67.01,57.76,115.62,44.12,42.42,50.7
2/28/2018,62.19,21.01,38.72,-17.81,77.51,64.35,55.41,114.08,41.51,42.18,49.64
3/1/2018,60.62,20.72,38.33,-17.87,74.62,61.83,52.63,110.61,40.51,41.77,49.7
3/2/2018,60.97,21.75,39.54,-17.44,75.38,63.68,52.71,112.78,40.45,41.47,49.25
3/5/2018,62.67,23,40.85,-16.49,77.82,65.05,54.41,114.77,42.07,43.33,52.17
3/6/2018,63.94,23.57,41.04,-16.49,78.7,65,55.31,115.48,43.69,44.01,50.19
3/7/2018,62.9,23.56,39.78,-17.2,78.52,65.81,55.42,116.7,43.32,44.8,49.3
3/8/2018,63.26,24.05,41.09,-17.24,78.89,67.03,56.17,117.62,43.2,45.47,50.28
3/9/2018,65.8,23.99,41.99,-15.63,83.22,69.46,59.59,122.01,45.73,46.45,50.75
3/12/2018,66.21,24.27,41.73,-15.65,82.58,68.8,57.95,122.71,45.48,47.25,51.53
3/13/2018,65.14,24.02,41.68,-16.26,80.7,68.94,57.21,120.08,44.79,47.55,51.79
3/14/2018,64.78,23.12,40.15,-16.78,78.59,68.07,55.56,119.89,42.86,47.75,53.22
3/15/2018,64.57,22.82,39.19,-17.21,78.8,67.83,55.88,120.04,41.21,47.65,53.15
3/16/2018,64.66,23.14,39.24,-16.32,79.25,67.97,56.79,119.97,41.46,48.54,54.78
3/19/2018,62.62,21.98,37.89,-17.79,77.78,65.18,55.55,115.44,39.37,47.17,53.73
3/20/2018,63.45,20.8,37.41,-17.06,78.11,65.36,56.09,115.56,39.04,46.9,52.98
3/21/2018,63.35,19.81,35.76,-14.78,78.09,64.78,56.31,114.44,40.56,45.66,52.49
3/22/2018,59.89,18.13,34.64,-16.57,71.6,60.18,51.28,108.69,36.17,45.01,53.04
3/23/2018,56.86,16.25,32.99,-17.06,66.5,56.92,49.02,103,33.65,42.62,50.88
3/26/2018,61.32,17.31,34.8,-15.63,71.85,60.14,52.42,110.97,36.36,44.52,52.57
3/27/2018,58.32,17.87,34.87,-16.49,68.42,58.26,50.25,103.82,34.85,44.8,54.7
3/28/2018,56.62,19.77,36.71,-18.07,68.85,59.02,49.77,102.01,33.3,47.82,54.79
3/29/2018,58.75,19.81,37.67,-16.28,70.92,59.97,52.06,106.36,35.95,47.71,55.62
3/30/2018,58.75,19.81,37.67,-16.28,70.92,59.97,52.06,106.36,35.95,47.71,55.62
4/2/2018,54.34,18.04,34.32,-18.04,67.3,56.61,48.85,101.23,32.96,45.72,54.3
4/3/2018,56.28,18.96,36.18,-16.31,69.62,58.97,50.99,103.28,34.89,46.52,54.99
4/4/2018,59.16,20.53,38.24,-16.39,71.43,61.18,51.7,106.03,35.76,48.24,55.25
4/5/2018,61.35,21.39,38.68,-14.8,72.65,61.18,53.24,106.85,38.36,48.32,56.53
4/6/2018,58,19.64,37.35,-16.41,68.48,57.37,49.08,101.69,34.98,47.02,55.43
4/9/2018,57.61,19.78,37.14,-16.04,69.21,58.79,48.57,103.19,35.63,46.82,55.56
4/10/2018,59.52,22.53,37.65,-13.16,71.81,61.56,50.92,108.24,38.52,46.2,54.56
4/11/2018,59.02,20.79,37.38,-12.15,69.83,60.25,49.87,107.32,37.45,46.46,54.38
4/12/2018,59.65,20.73,37.11,-12.12,72.8,61.37,51.94,109.92,38.91,44.82,52.46
4/13/2018,58.73,20.54,37.73,-11.13,70.22,61.21,51.55,109.21,38.77,45.55,53.48
4/16/2018,59.95,22.36,39.22,-10.25,71.09,62.55,53.16,110.69,40.66,46.35,55.67
4/17/2018,62.72,22.53,39.57,-9.86,70.91,63.96,54.41,114.87,42.3,48.19,57.22
4/18/2018,63.49,22.04,38.4,-8.35,70.27,64.06,55.91,114.43,43.31,47.91,56.55
4/19/2018,62.78,21.06,34.34,-8.25,72.78,62.78,55.4,111.96,41.93,45.59,56.45
4/20/2018,61.03,20.27,32.15,-8.72,72.91,61.91,54.62,108.86,41.04,44.29,55.21
4/23/2018,61.39,21.53,31.93,-8.13,72.86,62.49,54.46,108.01,40.6,44.37,55.58
4/24/2018,59,22.91,31.15,-9.1,71.89,61.17,50.28,104.06,37.26,44.69,56.6
4/25/2018,59.66,23.89,31.37,-8.36,71.75,61.84,50.62,103.69,38,44.26,56.62
4/26/2018,62.11,19.97,32.06,-6.98,71.75,63.76,49.95,108.06,38.81,46.04,58.27
4/27/2018,62.88,22,32.8,-8.12,72.01,64.48,49.74,107.29,38.12,48.13,59.74
4/30/2018,62.11,18.76,31.99,-8.14,70.36,61.96,47.74,106.18,36.27,47.66,59.27
5/1/2018,62.38,17.82,30.86,-8.66,70.61,62.14,47.17,109.13,36.08,48.78,58.95
5/2/2018,61.34,15.92,28.37,-8.22,68.7,59.99,46.03,109.08,35.87,48.34,58.76
5/3/2018,60.62,15.69,28.26,-8.51,67.33,58.68,46.26,109.64,36.26,48.33,58.88
5/4/2018,62.67,16.55,30.08,-8,69.49,59.95,47.99,113.74,38.19,49.93,59.66
5/7/2018,63.23,15.86,29.33,-7.77,70.63,59.83,49.08,115.45,38.35,50.51,58.8
5/8/2018,62.57,14.35,28.76,-6.97,71.77,58.7,50.24,116.18,38.15,49.59,55.11
5/9/2018,63.08,13.1,28.98,-5.06,74.18,59.71,51.76,119.09,39.87,50.61,54.13
5/10/2018,63.69,15.23,29.83,-4.32,75.5,61.83,52.73,121.86,40.92,52.01,56.16
5/11/2018,64.04,17.57,29.71,-4.23,75.41,64.15,53.11,121.26,40.89,51.33,56.5
5/14/2018,64.3,17.12,29.66,-3.59,75.2,65.16,52.76,121.18,41.25,50.13,55.9
5/15/2018,63.42,16.2,29.14,-3.51,75.03,63.13,52.25,119.15,40.99,47.74,54.6
5/16/2018,64.88,16.63,30.15,-3.06,75.3,64.14,52.94,120.15,42.75,47.38,53.36
5/17/2018,64.49,15.99,30.55,-1.52,75.26,64.22,53.62,119.13,43.15,46.66,52.2
5/18/2018,64.3,16.07,29.71,-2.28,73.76,64.7,54.45,118.12,43.34,46.86,52.16
5/21/2018,65.24,17.79,30.29,-1.23,75.22,64.86,56.8,119.93,44.02,48.5,53.05
5/22/2018,64.28,17.96,29.94,-2.59,76.15,64.37,54.75,119.33,42.86,48.7,53.66
5/23/2018,65.42,17.43,30.57,-2.64,75.14,64.96,54.49,121.13,42.53,50.12,55.06
5/24/2018,65.85,18.11,30.44,-4.22,73.99,64.45,55.37,120.87,42.07,49.67,56.18
5/25/2018,66.16,17.38,30.62,-6.79,73.31,64.31,55.09,120.89,41.37,50.32,56.85
5/28/2018,66.16,17.38,30.62,-6.79,73.31,64.31,55.09,120.89,41.37,50.32,56.85
5/29/2018,64.91,16.74,30.41,-7.01,67.83,62.68,52.88,119.56,39.26,50.8,57.07
5/30/2018,66.4,17.68,32.15,-4.08,71.07,64.96,54.91,121.16,40.98,52.93,58.4
5/31/2018,65.48,16.17,30.14,-4.93,69.55,63.25,52.69,121.13,39.72,52.42,58.48
6/1/2018,66.66,16.63,30.13,-4.46,71.39,65.13,54.39,125.36,41.66,53.07,56.16
6/4/2018,68.62,16.55,31.21,-5.44,72.01,65.8,54.3,127.16,42.43,54.58,55.01
6/5/2018,69.73,17.15,30.64,-5.68,71.33,65.63,54.74,128.19,43.43,54,53.94
6/6/2018,71.46,18.81,30.79,-5.21,74.44,67.53,56.08,129.44,45.95,54.46,50.75
6/7/2018,71.88,20.23,31.56,-3.6,74.81,67.32,56.41,126.97,45.16,54.38,51.46
6/8/2018,72.42,20.49,33.26,-3.86,75.29,68.54,57.08,127.07,45.62,55.07,51.41
6/11/2018,73.04,21.26,34.28,-3.54,74.72,68.76,57.35,127.09,45.77,54.88,50.79
6/12/2018,73.97,21.11,34.55,-4.27,74.03,68.77,57.23,128.43,45.84,55.87,52.7
6/13/2018,73.95,15.81,34.08,-4.64,73.46,68.73,55.96,127.92,44.33,52.61,52.29
6/14/2018,75.54,16.98,34.36,-4.9,72.01,69.67,55.45,129.32,44.55,54.03,54.08
6/15/2018,76.02,18.31,36.07,-6.93,71.93,70.12,55.2,128.35,43.54,53.83,55.18
6/18/2018,75.76,16.06,34.16,-5.82,71.83,68.58,54.76,128.93,43.3,53.84,55.82
6/19/2018,75.55,17.68,34.89,-6,71.44,68.97,51.74,127.35,40.79,53.8,57.52
6/20/2018,76.45,16.55,35.09,-5.53,70.97,69.37,51.93,128.13,40.53,55.48,57.57
6/21/2018,75.27,16.29,35.28,-7.42,70.56,68.47,50.13,126.26,39.08,56.32,58.05
6/22/2018,74.96,17.7,36.38,-5.26,69.69,69.11,50.51,125.36,40.89,57.55,59.16
6/25/2018,71.23,17.59,36.97,-7.39,67.96,67.46,48.5,120.22,38.72,57.22,61.61
6/26/2018,72.4,17.13,36.42,-6.03,67.31,67.11,48.95,121.3,39.27,57.8,61.53
6/27/2018,70.13,17.12,36.02,-4.73,65.08,65.44,47.71,118.02,38.56,57.21,62.37
6/28/2018,71.34,19.78,36.29,-4.86,66.41,65.82,47.92,120.33,39.2,58.69,62.38
6/29/2018,71.47,19.05,36.07,-4.29,66.15,66.05,48.31,120.37,39.62,59.02,62.48
7/2/2018,71.82,19.32,35.36,-5.83,67.27,66.69,48.69,122.58,39.15,58.25,63.74
7/3/2018,70.93,20.73,35.64,-5.12,65.67,67.07,48.25,119.69,38.75,59.18,64.24
7/4/2018,70.93,20.73,35.64,-5.12,65.67,67.07,48.25,119.69,38.75,59.18,64.24
7/5/2018,71.97,21.26,37.67,-5.26,66.2,68.83,49.12,122.99,40.17,61.29,65.35
7/6/2018,73.35,21.72,38.12,-4.53,67.03,71.24,49.69,125.75,40.83,61.98,66.6
7/9/2018,75.31,21.56,37.48,-3.02,70.83,72.37,52.33,127.61,42.21,60.58,61.49
7/10/2018,75.58,22.89,39.1,-2.34,70.12,73.01,52.68,128.13,43.27,61.16,63.07
7/11/2018,75.09,21.53,38.61,-4.5,69.27,71.71,50.32,126.89,40.98,60.65,64.38
7/12/2018,76.13,22.19,38.49,-4.36,69.39,73.66,51.85,130.92,41.33,61.01,64.43
7/13/2018,76.62,21.29,39.27,-3.87,68.57,74.01,52.76,130.82,41.36,60.57,64.49
7/16/2018,76.86,21.81,38.53,-5.07,71.42,72.8,51.89,130.02,40.19,59.67,64.24
7/17/2018,77.2,21.38,39.63,-5.4,71.68,73.8,52.52,131.9,41.95,58.62,64.11
7/18/2018,77.17,20.9,38.7,-5.37,74.22,73.91,54.15,131.71,42.21,57.81,63.34
7/19/2018,76.95,19.6,38.72,-5.37,71.99,73.11,54.27,130.99,41.66,59.56,64.94
7/20/2018,75.97,19,39.5,-5.72,72.35,72.78,54.12,131.11,41.01,58.03,63.74
7/23/2018,75.73,18.96,38.76,-6.12,74.53,73.28,53.21,132.21,40.34,57.7,62.76
7/24/2018,75.03,21,38.93,-4.95,74.88,74.58,53.71,133.11,42.03,57.02,63.25
7/25/2018,76.06,17.58,39.83,-4.11,75.11,76.55,55.71,136.48,42.91,58.33,63.61
7/26/2018,75.29,18.17,40.58,-3.18,75.08,76.37,57,132.91,43.83,58.95,65.4
7/27/2018,74.54,20.34,40.72,-3.74,75.29,74.93,56.82,128.27,43.27,57.39,64.64
7/30/2018,73.31,22.63,40.63,-2.81,75.32,74.94,55.45,124.25,42.83,57.47,63.72
7/31/2018,74.15,21.71,41.26,-3.1,74.27,76.78,58.83,124.98,43.99,60.26,65.54
8/1/2018,73.32,21.67,39.98,-4.38,74.34,77,56.9,127.04,42.63,61.25,64.07
8/2/2018,74.47,21.91,41.55,-4.75,74.52,77.75,56.9,130.19,41.65,60.55,65.02
8/3/2018,75.07,23.03,43.34,-5.2,75.3,78.75,56.99,130.91,42.92,62.45,66.54
8/6/2018,76.26,23,43.44,-4.82,76,79.05,57.36,132.37,43.07,62.27,66.9
8/7/2018,77.05,23.52,42.64,-4.19,76.76,79.01,58.43,133.21,43.32,61.93,66.61
8/8/2018,77.25,23.62,41.56,-4.95,77.25,79.24,57.77,133.81,42.88,61.08,65.86
8/9/2018,77.98,24.88,41.14,-5.79,76.42,79.11,57.03,133.72,43.34,61.23,66.62
8/10/2018,76.58,23.96,40.68,-5.28,74.54,78.44,55.86,131.96,41.41,59.7,65.96
8/13/2018,75.65,23.73,40.57,-6.55,72.9,78.45,55,131.59,39.98,59.64,66.13
8/14/2018,77.46,24.7,41.52,-6.26,74.47,79.35,56.09,133.04,41.03,60.52,66.63
8/15/2018,75.32,25.49,42.08,-9.6,73.27,79,55.21,130.65,38.79,61.76,67.79
8/16/2018,76.13,28,44.22,-8.9,75.44,80.67,57.03,131.29,39.85,63,69.82
8/17/2018,76.4,28.52,45.21,-8.62,75.84,81.36,58.05,131.73,40.88,64.63,70.59
8/20/2018,77.52,28.63,45.2,-7.93,76.46,81.87,59.04,131.45,41.85,64.71,70.03
8/21/2018,79.18,29.48,44.11,-7.35,77.23,81.98,60.38,131.78,42.56,63.51,68.89
8/22/2018,79.3,26.92,43.29,-6.17,76.77,82.27,58.98,132.91,42.07,62.55,67.62
8/23/2018,79.01,26.79,43.01,-6.66,75.86,82.09,58.37,133.32,40.96,62.17,67.53
8/24/2018,79.97,27.61,42.81,-5.91,76.31,82.88,59.04,135.85,42.62,63.13,68.22
8/27/2018,81.08,28.04,42.9,-5.26,78.42,83.66,60.9,138.1,44.56,62.88,67.08
8/28/2018,81.43,27.45,42.4,-5.74,78.2,83.83,60.71,138.63,44.02,64.81,66.72
8/29/2018,83.27,26.51,42.53,-5.08,78.16,85,60.93,140.95,44.97,64.65,67.82
8/30/2018,82.16,26.15,42.16,-5.39,76.88,84.78,59.8,140.29,43.38,63.77,68.02
8/31/2018,82.94,25.63,42.26,-6.06,76.86,84.88,59.91,140.66,43.15,64.41,67.31
9/3/2018,82.94,25.63,42.26,-6.06,76.86,84.88,59.91,140.66,43.15,64.41,67.31
9/4/2018,83.32,24.25,41.95,-6.38,77.74,83.62,59.84,139.99,42.07,62.7,68.14
9/5/2018,81.45,25.27,43.57,-6.55,77.82,83.98,60.76,136.45,43.01,63.66,70.26
9/6/2018,80.77,26.17,44,-8.42,76.89,84.03,61.24,134.54,43.21,64.14,71.11
9/7/2018,80.77,25.75,43.75,-8.44,76.73,84.28,60.75,133.76,42.42,62.2,69.21
9/10/2018,81.38,26.35,44.25,-8.44,76.56,83.73,61.67,134.51,42.47,63,70.04
9/11/2018,82.73,27.7,43.74,-7.43,76.75,83.73,61.51,136.38,42.56,62.93,69.62
9/12/2018,83.1,29.48,45.52,-6.88,75.14,84.66,62,135.29,42.76,63.07,69.48
9/13/2018,83.23,29.86,45.23,-6.95,74.9,86.67,62.74,137.89,43.26,64.07,70.84
9/14/2018,82.84,29.33,44.93,-6.42,76.16,86.23,63.67,138,43.34,62.82,70.05
9/17/2018,80.61,29.55,45.35,-6.33,75.37,85.36,63.59,134.65,43.74,63.45,70.56
9/18/2018,82.78,29.51,44.72,-5.6,75.96,86.39,64.94,136.13,43.92,62.55,70.22
9/19/2018,82.81,27.75,44.43,-5.15,78.83,86.09,64.72,135.77,45.27,60.73,66.6
9/20/2018,83.97,28.35,46.1,-5.17,80.33,87.78,65,138.54,46.66,62.21,67.01
9/21/2018,83.44,29.55,46.44,-4.46,79.66,88.05,65.35,137.72,46.19,62.04,67.64
9/24/2018,82.32,29.81,44.3,-3.05,77.72,88.39,63.32,138.42,44.37,58.98,66.26
9/25/2018,83.3,29.96,43.39,-2.49,77.1,87.92,62.89,138.25,43.85,58.9,64.29
9/26/2018,83.64,30.41,43.46,-3.57,74.8,88.2,62.54,137.13,42.36,57.07,62.57
9/27/2018,84.41,31.46,43.19,-3.43,74.2,89.09,62.75,138.36,41.15,57.66,64.15
9/28/2018,84.18,30.97,43.52,-3.63,72.62,89.78,62.74,139.35,40.38,59.93,66.56
10/1/2018,83.59,30.8,43.34,-2.28,72.9,90.58,63.75,140.23,41.47,58.43,65.94
10/2/2018,80.88,30.99,44.23,-2.19,72.92,90.28,63.85,140.08,41.85,57.98,67.98
10/3/2018,80.22,31.37,42.75,-1.25,74.52,89.88,64.63,140.92,40.93,56.47,66.09
10/4/2018,77.38,29.44,42.44,-1.87,75.74,87.95,63.98,136.7,40.18,55.3,66.92
10/5/2018,75.96,28.1,42.24,-1.92,74.94,87.75,63,133.59,38.98,55.27,69.43
10/8/2018,76.07,27.93,44.11,-1.92,75.94,87.35,63.18,130.77,39.05,57.43,70.83
10/9/2018,75.57,27.99,43.8,-0.9,75.38,87.76,60.77,131.45,34.64,57.92,71.52
10/10/2018,69.24,22.98,41.93,-4.6,70.3,83.28,55.26,120.58,31.19,55.48,70.64
10/11/2018,66.5,21.92,38.71,-7.5,65.26,78.53,51.71,117.78,29.55,50.97,67.19
10/12/2018,69.8,24.43,39.45,-7.12,65.11,81.15,52.38,124.39,29.98,50.65,67.07
10/15/2018,69.17,23.94,40.31,-7.75,64.46,79.86,52.8,121.04,29.49,51.53,67.71
10/16/2018,72.9,26.85,41.87,-6.9,67.01,85.13,55.54,127.81,31.8,54.57,69.73
10/17/2018,71.65,27.49,42.53,-7.64,68.42,85.92,54.44,126.86,30.81,54.17,69.52
10/18/2018,68.03,25.18,42.31,-8.25,65.78,83.8,51.55,122.31,29.27,53.99,69.7
10/19/2018,66.47,25.39,45.51,-9.01,66.14,81.92,50.83,122.15,28.34,55.41,72.31
10/22/2018,67.26,25.36,44.45,-10.03,62.77,80.53,50.43,123.89,27.35,53.31,71.13
10/23/2018,67.08,25.83,44.94,-12.54,61.47,79.63,47.99,122.95,25.83,54.18,70.07
10/24/2018,61.62,19.71,45.59,-16.02,56.99,73.65,42.85,113.08,21.55,55.71,73.71
10/25/2018,66.85,22.87,45.91,-15.01,59.68,75.86,44.1,119.94,23.39,57.69,71.12
10/26/2018,61.52,19.91,43.45,-15.68,57.75,73.93,42.77,115.94,22.39,53.64,68.24
10/29/2018,59.25,18,44.99,-17.4,59.21,74.17,40.54,112.1,21.92,55.81,70.36
10/30/2018,61.54,20.96,47.88,-15.49,61.73,76.12,43.39,114.8,24.62,58.1,70.9
10/31/2018,63.8,23.48,46.62,-14.96,63.79,76.39,44.56,119.8,26.17,55.92,68.85
11/1/2018,67.54,23.7,47.32,-14.21,64.63,78.86,47.34,122.61,29.94,56.84,68.23
11/2/2018,68.14,22.72,46.91,-14.34,64.81,77.84,47.14,118.71,29.94,55.49,67.34
11/5/2018,67.85,22.37,48.69,-12.89,66.95,79.26,47.84,118.2,30.27,58.12,69.72
11/6/2018,68.75,23.1,49.55,-12.66,67.87,80.16,49.48,119.59,31.91,58.91,71.11
11/7/2018,73.52,25.46,50.33,-11.2,70.03,85.36,52,125.74,34.45,60.81,73
11/8/2018,73.67,24.28,50.34,-13.3,70.7,85.45,51.65,125.51,33.57,60.99,72.62
11/9/2018,70.94,22.49,51.1,-13.43,69.06,84.7,50.02,121.79,31.62,61.02,72.93
11/12/2018,67.25,20.69,50.16,-15.41,65.83,82.02,47.03,114,29.74,61.2,72.94
11/13/2018,67.24,20.37,49.59,-17.43,66.78,80.76,47.6,114.26,29.46,61.29,73.65
11/14/2018,65.82,20.88,48.69,-17.48,64.45,79.21,47.1,111.76,29.29,61.1,71.92
11/15/2018,65.81,21.63,48.25,-16.12,66.91,81.08,49.1,116.97,31.18,59.88,71.06
11/16/2018,64.95,21.17,48.61,-15.28,67.1,82.78,49.08,116.74,32.19,61.92,73.29
11/19/2018,60.72,18.05,48.29,-15.35,66.98,80.22,46.73,108.62,30.29,62.31,74.2
11/20/2018,57.33,16.52,45.86,-18.22,63.58,78.44,43.61,104.28,27.85,60.31,73.29
11/21/2018,59.08,17.71,44.73,-16.88,63.78,77.7,44.75,105.7,29,60.28,70.89
11/22/2018,59.08,17.71,44.73,-16.88,63.78,77.7,44.75,105.7,29,60.28,70.89
11/23/2018,58.48,16.38,45.19,-19.61,62.49,77.98,44.42,104.07,27.71,59.82,71.12
11/26/2018,62.41,18.62,45.23,-18.24,65.77,79.76,45.78,108.56,28.97,60.22,72.04
11/27/2018,62.58,19.27,46.47,-18.57,65.74,81.4,45.18,108.89,27.14,60.93,73.31
11/28/2018,67.69,21.8,47.87,-17.14,68.71,85.93,48.7,116.01,29.29,62.44,73.13
11/29/2018,66.99,22.25,48.07,-16.66,67.45,86.51,48.57,114.09,29.99,62.6,72.77
11/30/2018,68.1,22.76,49.24,-16.99,68.65,88.54,50.24,116.34,30.56,64.23,75.41
12/3/2018,71.67,22.84,49.15,-15.04,69.36,89.44,51.79,120.81,32.66,64.87,76.95
12/4/2018,64.91,19,46.66,-17.61,61.87,84.93,45.01,112.27,28.38,62.36,77.07
12/5/2018,64.91,19,46.66,-17.61,61.87,84.93,45.01,112.27,28.38,62.36,77.07
12/6/2018,65.71,20.24,46.69,-19.18,59.82,84.27,44.21,112.72,26.67,66.65,77.11
12/7/2018,60.66,17.8,44.78,-19.68,57.06,79.65,40.47,105.33,23.61,64.27,77.89
12/10/2018,60.77,18.65,44.77,-21.07,54.86,80.21,40.62,108.12,23.68,63.37,78.37
12/11/2018,60.72,18.84,46.01,-21.07,53.37,80.74,39.83,108.25,23.13,63.53,78.95
12/12/2018,62.36,19.82,45.85,-20.78,54.19,82.32,40.75,109.99,24.34,60.59,78.1
12/13/2018,61.41,19.55,46.82,-20.57,53.09,82.28,40.19,110.23,22.98,61.76,79.58
12/14/2018,58.43,18.33,44.04,-22.58,51.45,76.26,38.21,105.15,21.95,61.45,79.09
12/17/2018,54.16,16.06,40.71,-24.06,49.93,72.44,35.82,100.56,19.81,55.42,73.34
12/18/2018,55.65,16.76,39.13,-25.83,49.16,71.11,36.63,102.32,20.43,56.9,72.19
12/19/2018,52.31,14.76,37.81,-26.82,47.11,68.85,33.98,98.44,18.75,55.18,71.88
12/20/2018,49.06,12.87,35.45,-28.9,46.05,66.53,31.67,94.76,17.25,53.19,72.38
12/21/2018,45.18,9.4,33.92,-29.7,43.31,64.04,29.14,88.91,16.05,50.91,71.14
12/24/2018,42.33,7.16,30.09,-32.54,39.99,60,25.26,83.85,13.05,45.17,63.64
12/25/2018,42.33,7.16,30.09,-32.54,39.99,60,25.26,83.85,13.05,45.17,63.64
12/26/2018,51.1,12.93,33.82,-28.19,46.47,67.33,31.26,94.85,18.11,50.17,66.11
12/27/2018,51.44,13.51,35.16,-27.78,47.95,69.06,32.8,96.4,20.18,50.42,67.62
12/28/2018,51.9,13.3,35.1,-28.41,48.12,69.19,32.44,95.97,19.54,50.88,67.72
12/31/2018,53.46,13.69,35.67,-28.11,49.55,71.56,33.83,97.87,20.58,51.13,68.19
