Date,(INDEX) S&P Composite 1500 / Utilities - SEC - Total Return
12/30/2013,0
12/31/2013,0.23
1/1/2014,0.23
1/2/2014,-1.34
1/3/2014,-1.57
1/6/2014,-1.55
1/7/2014,-0.61
1/8/2014,-1.13
1/9/2014,-0.58
1/10/2014,0.81
1/13/2014,-0.16
1/14/2014,-0.03
1/15/2014,-0.21
1/16/2014,0.39
1/17/2014,0.4
1/20/2014,0.4
1/21/2014,1.55
1/22/2014,1.7
1/23/2014,1.41
1/24/2014,0.27
1/27/2014,0.44
1/28/2014,0.82
1/29/2014,0.73
1/30/2014,2.34
1/31/2014,3.07
2/3/2014,2.07
2/4/2014,1.52
2/5/2014,1.02
2/6/2014,1.73
2/7/2014,2.4
2/10/2014,3.09
2/11/2014,4.02
2/12/2014,4.11
2/13/2014,5.36
2/14/2014,6.04
2/17/2014,6.04
2/18/2014,6.41
2/19/2014,5.74
2/20/2014,6.65
2/21/2014,6.81
2/24/2014,6.46
2/25/2014,6.42
2/26/2014,6.08
2/27/2014,5.85
2/28/2014,6.53
3/3/2014,5.49
3/4/2014,6.41
3/5/2014,5.66
3/6/2014,5.07
3/7/2014,5.27
3/10/2014,5.13
3/11/2014,4.73
3/12/2014,6.07
3/13/2014,7.06
3/14/2014,7.7
3/17/2014,8.38
3/18/2014,8.27
3/19/2014,6.7
3/20/2014,6.66
3/21/2014,7.41
3/24/2014,7.64
3/25/2014,8.1
3/26/2014,7.6
3/27/2014,8.45
3/28/2014,8.62
3/31/2014,9.83
4/1/2014,9.18
4/2/2014,9
4/3/2014,9.33
4/4/2014,9.8
4/7/2014,9.49
4/8/2014,11.03
4/9/2014,10.78
4/10/2014,10.29
4/11/2014,10.11
4/14/2014,10.87
4/15/2014,12.29
4/16/2014,13.12
4/17/2014,11.89
4/18/2014,11.89
4/21/2014,11.71
4/22/2014,11.89
4/23/2014,12.01
4/24/2014,12.68
4/25/2014,13.83
4/28/2014,14.41
4/29/2014,13.89
4/30/2014,14.12
5/1/2014,14.51
5/2/2014,12.35
5/5/2014,13.21
5/6/2014,12.66
5/7/2014,14.48
5/8/2014,13.23
5/9/2014,11.76
5/12/2014,10.83
5/13/2014,10.96
5/14/2014,11.52
5/15/2014,11.13
5/16/2014,11.51
5/19/2014,9.86
5/20/2014,9.86
5/21/2014,9.9
5/22/2014,10.8
5/23/2014,10.63
5/26/2014,10.63
5/27/2014,11.5
5/28/2014,12.16
5/29/2014,12.28
5/30/2014,13.1
6/2/2014,13
6/3/2014,13.26
6/4/2014,13.34
6/5/2014,14.36
6/6/2014,14.05
6/9/2014,13.33
6/10/2014,12.97
6/11/2014,11.6
6/12/2014,11.95
6/13/2014,12.64
6/16/2014,13.44
6/17/2014,13.32
6/18/2014,15.68
6/19/2014,16.66
6/20/2014,16.03
6/23/2014,15.72
6/24/2014,16
6/25/2014,16.62
6/26/2014,16.88
6/27/2014,17.34
6/30/2014,18.32
7/1/2014,17.26
7/2/2014,15.03
7/3/2014,13.86
7/4/2014,13.86
7/7/2014,14.23
7/8/2014,14.92
7/9/2014,14.71
7/10/2014,15.38
7/11/2014,14.56
7/14/2014,13.3
7/15/2014,13.78
7/16/2014,14.12
7/17/2014,12.96
7/18/2014,14.24
7/21/2014,14.08
7/22/2014,13.91
7/23/2014,13.82
7/24/2014,14.15
7/25/2014,13.18
7/28/2014,14.76
7/29/2014,13.64
7/30/2014,11.89
7/31/2014,10.04
8/1/2014,10.44
8/4/2014,9.82
8/5/2014,8.49
8/6/2014,7.26
8/7/2014,8.33
8/8/2014,10.48
8/11/2014,10.14
8/12/2014,10.06
8/13/2014,10.58
8/14/2014,11.62
8/15/2014,12
8/18/2014,11.87
8/19/2014,13.21
8/20/2014,13.49
8/21/2014,13.75
8/22/2014,13.43
8/25/2014,14.09
8/26/2014,12.88
8/27/2014,14.06
8/28/2014,14.76
8/29/2014,15.59
9/1/2014,15.59
9/2/2014,14.51
9/3/2014,15.11
9/4/2014,15.07
9/5/2014,16.47
9/8/2014,15.8
9/9/2014,14.44
9/10/2014,13.96
9/11/2014,14.96
9/12/2014,12.83
9/15/2014,13.06
9/16/2014,14.4
9/17/2014,14.09
9/18/2014,13.3
9/19/2014,14.16
9/22/2014,13.28
9/23/2014,12.78
9/24/2014,12.48
9/25/2014,11.8
9/26/2014,12.04
9/29/2014,12.61
9/30/2014,12.72
10/1/2014,13.19
10/2/2014,13.12
10/3/2014,13.83
10/6/2014,13.85
10/7/2014,13.72
10/8/2014,16.22
10/9/2014,14.22
10/10/2014,14.8
10/13/2014,14.73
10/14/2014,15.93
10/15/2014,14.45
10/16/2014,14.57
10/17/2014,15.21
10/20/2014,16.91
10/21/2014,17.47
10/22/2014,18.13
10/23/2014,18.46
10/24/2014,19.46
10/27/2014,19.26
10/28/2014,20.25
10/29/2014,19.59
10/30/2014,22.07
10/31/2014,22.12
11/3/2014,22.91
11/4/2014,22.16
11/5/2014,24.85
11/6/2014,22.82
11/7/2014,24.08
11/10/2014,24.68
11/11/2014,24.26
11/12/2014,22.13
11/13/2014,21.06
11/14/2014,20.56
11/17/2014,22.04
11/18/2014,22.39
11/19/2014,22.32
11/20/2014,22.06
11/21/2014,22.54
11/24/2014,21.56
11/25/2014,21.56
11/26/2014,22.13
11/27/2014,22.13
11/28/2014,23.23
12/1/2014,23.35
12/2/2014,24.23
12/3/2014,24
12/4/2014,24.02
12/5/2014,23.12
12/8/2014,24.02
12/9/2014,24.8
12/10/2014,23.14
12/11/2014,24.36
12/12/2014,23.04
12/15/2014,21.91
12/16/2014,21.75
12/17/2014,24.11
12/18/2014,26.48
12/19/2014,26.46
12/22/2014,26.89
12/23/2014,27.32
12/24/2014,29.52
12/25/2014,29.52
12/26/2014,31.06
12/29/2014,32.92
12/30/2014,30.12
12/31/2014,27.73
1/1/2015,27.73
1/2/2015,28.41
1/5/2015,26.68
1/6/2015,26.71
1/7/2015,28.01
1/8/2015,29.03
1/9/2015,28.06
1/12/2015,27.71
1/13/2015,28.17
1/14/2015,29.42
1/15/2015,30.22
1/16/2015,31.48
1/19/2015,31.48
1/20/2015,31.76
1/21/2015,32.98
1/22/2015,32.54
1/23/2015,32.92
1/26/2015,32.89
1/27/2015,33.09
1/28/2015,31.76
1/29/2015,33.53
1/30/2015,30.52
2/2/2015,31.13
2/3/2015,31.8
2/4/2015,30.07
2/5/2015,31.23
2/6/2015,25.91
2/9/2015,24.72
2/10/2015,27.22
2/11/2015,24.51
2/12/2015,24.06
2/13/2015,22.24
2/16/2015,22.24
2/17/2015,22.02
2/18/2015,24.91
2/19/2015,23.66
2/20/2015,23.75
2/23/2015,24.54
2/24/2015,25.27
2/25/2015,23.47
2/26/2015,22.62
2/27/2015,22.49
3/2/2015,20.12
3/3/2015,20.97
3/4/2015,20.17
3/5/2015,21.04
3/6/2015,17.53
3/9/2015,17.69
3/10/2015,17.47
3/11/2015,16.79
3/12/2015,19.01
3/13/2015,17.8
3/16/2015,19.75
3/17/2015,19.62
3/18/2015,22.81
3/19/2015,21.6
3/20/2015,22.81
3/23/2015,22.87
3/24/2015,21.51
3/25/2015,20.11
3/26/2015,19.14
3/27/2015,19.85
3/30/2015,21.37
3/31/2015,21.34
4/1/2015,21.51
4/2/2015,21.87
4/3/2015,21.87
4/6/2015,23.38
4/7/2015,22.04
4/8/2015,21.72
4/9/2015,21.14
4/10/2015,22.13
4/13/2015,20.89
4/14/2015,21.57
4/15/2015,21.78
4/16/2015,21.02
4/17/2015,20.6
4/20/2015,22.36
4/21/2015,21.23
4/22/2015,21.51
4/23/2015,22.28
4/24/2015,23.42
4/27/2015,21.91
4/28/2015,22.87
4/29/2015,22.44
4/30/2015,20.76
5/1/2015,21.38
5/4/2015,22.22
5/5/2015,19.44
5/6/2015,18.83
5/7/2015,19.28
5/8/2015,20.12
5/11/2015,19.38
5/12/2015,19.07
5/13/2015,18.07
5/14/2015,19.5
5/15/2015,20.93
5/18/2015,21.45
5/19/2015,21.67
5/20/2015,21.87
5/21/2015,21.76
5/22/2015,21.52
5/25/2015,21.52
5/26/2015,20.66
5/27/2015,21.28
5/28/2015,21.63
5/29/2015,21.41
6/1/2015,21.58
6/2/2015,19.89
6/3/2015,18.31
6/4/2015,17.92
6/5/2015,16.49
6/8/2015,15.94
6/9/2015,15.68
6/10/2015,16.22
6/11/2015,17.07
6/12/2015,15.98
6/15/2015,15.69
6/16/2015,16.26
6/17/2015,17.27
6/18/2015,18.87
6/19/2015,17.76
6/22/2015,17.63
6/23/2015,16.12
6/24/2015,15.21
6/25/2015,14.41
6/26/2015,15.1
6/29/2015,14.38
6/30/2015,14.08
7/1/2015,14.65
7/2/2015,16.21
7/3/2015,16.21
7/6/2015,16.52
7/7/2015,19.33
7/8/2015,18.72
7/9/2015,17.4
7/10/2015,18.09
7/13/2015,18.15
7/14/2015,18.06
7/15/2015,18.53
7/16/2015,20.35
7/17/2015,19.07
7/20/2015,18.45
7/21/2015,17.33
7/22/2015,17.87
7/23/2015,16.16
7/24/2015,16.16
7/27/2015,17.67
7/28/2015,18.28
7/29/2015,18.72
7/30/2015,19.56
7/31/2015,20.72
8/3/2015,21.31
8/4/2015,19.31
8/5/2015,19.75
8/6/2015,20.15
8/7/2015,21.57
8/10/2015,21.21
8/11/2015,21.81
8/12/2015,23.92
8/13/2015,23.9
8/14/2015,24.91
8/17/2015,25.61
8/18/2015,25.18
8/19/2015,25.6
8/20/2015,24.72
8/21/2015,23.22
8/24/2015,18.73
8/25/2015,15.18
8/26/2015,17.14
8/27/2015,18.59
8/28/2015,18.33
8/31/2015,16.52
9/1/2015,13.43
9/2/2015,13.43
9/3/2015,13.98
9/4/2015,12.32
9/7/2015,12.32
9/8/2015,14.71
9/9/2015,13.36
9/10/2015,13.1
9/11/2015,13.99
9/14/2015,14.26
9/15/2015,14.89
9/16/2015,16.09
9/17/2015,17.6
9/18/2015,16.87
9/21/2015,17.39
9/22/2015,16.02
9/23/2015,16.28
9/24/2015,17.26
9/25/2015,18.4
9/28/2015,17.87
9/29/2015,17.93
9/30/2015,20.02
10/1/2015,18.66
10/2/2015,20.29
10/5/2015,21.94
10/6/2015,21.01
10/7/2015,20.74
10/8/2015,22.25
10/9/2015,21.74
10/12/2015,22.82
10/13/2015,22.48
10/14/2015,22.44
10/15/2015,24.25
10/16/2015,24.53
10/19/2015,24.62
10/20/2015,24.98
10/21/2015,24.66
10/22/2015,26.11
10/23/2015,23.93
10/26/2015,23.86
10/27/2015,23.46
10/28/2015,22.28
10/29/2015,21.57
10/30/2015,22.21
11/2/2015,22.35
11/3/2015,22.72
11/4/2015,23.33
11/5/2015,22.3
11/6/2015,17.82
11/9/2015,18.09
11/10/2015,19.27
11/11/2015,20.29
11/12/2015,18.91
11/13/2015,18.4
11/16/2015,20.49
11/17/2015,18.31
11/18/2015,19.26
11/19/2015,20.41
11/20/2015,20.94
11/23/2015,19.97
11/24/2015,19.75
11/25/2015,19.12
11/26/2015,19.12
11/27/2015,19.43
11/30/2015,19.62
12/1/2015,20.53
12/2/2015,17.97
12/3/2015,16.82
12/4/2015,18.51
12/7/2015,18.84
12/8/2015,18.7
12/9/2015,18.68
12/10/2015,16.77
12/11/2015,16.36
12/14/2015,16.81
12/15/2015,17.91
12/16/2015,20.92
12/17/2015,21.08
12/18/2015,19.67
12/21/2015,19.73
12/22/2015,20.74
12/23/2015,22.62
12/24/2015,22.53
12/25/2015,22.53
12/28/2015,22.89
12/29/2015,23.57
12/30/2015,23.38
12/31/2015,22
1/1/2016,22
1/4/2016,21.57
1/5/2016,22.52
1/6/2016,22.36
1/7/2016,21.4
1/8/2016,21.39
1/11/2016,22.08
1/12/2016,21.4
1/13/2016,21.25
1/14/2016,23.18
1/15/2016,22
1/18/2016,22
1/19/2016,23.73
1/20/2016,20.99
1/21/2016,20.9
1/22/2016,23.18
1/25/2016,21.98
1/26/2016,23.02
1/27/2016,23.22
1/28/2016,25.27
1/29/2016,27.86
2/1/2016,29.28
2/2/2016,29.8
2/3/2016,31.41
2/4/2016,30.79
2/5/2016,31.08
2/8/2016,30.75
2/9/2016,31.27
2/10/2016,31.15
2/11/2016,29.01
2/12/2016,28.7
2/15/2016,28.7
2/16/2016,29.47
2/17/2016,29.19
2/18/2016,31.25
2/19/2016,30.46
2/22/2016,31.82
2/23/2016,31.88
2/24/2016,32.59
2/25/2016,33.76
2/26/2016,30.14
2/29/2016,30.45
3/1/2016,29.87
3/2/2016,30.66
3/3/2016,31.39
3/4/2016,32.91
3/7/2016,33.6
3/8/2016,34.73
3/9/2016,35.46
3/10/2016,35.6
3/11/2016,35.84
3/14/2016,35.94
3/15/2016,36.28
3/16/2016,37.56
3/17/2016,39.05
3/18/2016,38.16
3/21/2016,37.95
3/22/2016,37.55
3/23/2016,38.42
3/24/2016,38.93
3/25/2016,38.93
3/28/2016,38.49
3/29/2016,40.72
3/30/2016,40.34
3/31/2016,40.96
4/1/2016,41.58
4/4/2016,40.96
4/5/2016,38.34
4/6/2016,38.21
4/7/2016,38.21
4/8/2016,38.92
4/11/2016,38.36
4/12/2016,39.35
4/13/2016,38.56
4/14/2016,38.3
4/15/2016,39.27
4/18/2016,39.73
4/19/2016,39.97
4/20/2016,36.63
4/21/2016,33.67
4/22/2016,34.87
4/25/2016,35.18
4/26/2016,35.48
4/27/2016,37.24
4/28/2016,37.2
4/29/2016,37.98
5/2/2016,39.06
5/3/2016,38.99
5/4/2016,40.66
5/5/2016,40.1
5/6/2016,39.3
5/9/2016,40.07
5/10/2016,40.31
5/11/2016,40.7
5/12/2016,41.47
5/13/2016,40.9
5/16/2016,41.15
5/17/2016,38.68
5/18/2016,36.21
5/19/2016,37.44
5/20/2016,37.79
5/23/2016,36.52
5/24/2016,38.11
5/25/2016,37.69
5/26/2016,39.19
5/27/2016,39.55
5/30/2016,39.55
5/31/2016,40.28
6/1/2016,40.84
6/2/2016,40.81
6/3/2016,43.07
6/6/2016,42.87
6/7/2016,42.77
6/8/2016,43.76
6/9/2016,45.05
6/10/2016,44.6
6/13/2016,44.39
6/14/2016,45.18
6/15/2016,44.16
6/16/2016,45.07
6/17/2016,45.49
6/20/2016,44.96
6/21/2016,45.25
6/22/2016,44.57
6/23/2016,45.14
6/24/2016,45.29
6/27/2016,46.99
6/28/2016,47.56
6/29/2016,47.96
6/30/2016,51.16
7/1/2016,51.02
7/4/2016,51.02
7/5/2016,52.07
7/6/2016,52.41
7/7/2016,49.64
7/8/2016,51.05
7/11/2016,50.99
7/12/2016,49.07
7/13/2016,50.17
7/14/2016,49.19
7/15/2016,49.62
7/18/2016,49.86
7/19/2016,49.66
7/20/2016,48.98
7/21/2016,49.74
7/22/2016,51.64
7/25/2016,51.36
7/26/2016,50.14
7/27/2016,48.45
7/28/2016,48.95
7/29/2016,49.97
8/1/2016,49.86
8/2/2016,49.01
8/3/2016,48.16
8/4/2016,48.04
8/5/2016,46.12
8/8/2016,45.98
8/9/2016,45.84
8/10/2016,45.93
8/11/2016,46.25
8/12/2016,46.35
8/15/2016,44.24
8/16/2016,42.43
8/17/2016,44.41
8/18/2016,46.22
8/19/2016,44.55
8/22/2016,44.99
8/23/2016,44.35
8/24/2016,44.3
8/25/2016,44.4
8/26/2016,41.54
8/29/2016,42.67
8/30/2016,41.25
8/31/2016,41.72
9/1/2016,41.13
9/2/2016,42.93
9/5/2016,42.93
9/6/2016,44.45
9/7/2016,44.56
9/8/2016,45.06
9/9/2016,39.65
9/12/2016,41.93
9/13/2016,39.99
9/14/2016,40.53
9/15/2016,41.6
9/16/2016,42.9
9/19/2016,44.37
9/20/2016,44.17
9/21/2016,47.2
9/22/2016,48.17
9/23/2016,47.83
9/26/2016,47.54
9/27/2016,45.81
9/28/2016,45.54
9/29/2016,43.48
9/30/2016,42.47
10/3/2016,40.64
10/4/2016,37.53
10/5/2016,37.16
10/6/2016,37.12
10/7/2016,36.91
10/10/2016,38.16
10/11/2016,36.42
10/12/2016,37.78
10/13/2016,39.52
10/14/2016,38.84
10/17/2016,39.57
10/18/2016,40.69
10/19/2016,40.4
10/20/2016,40.31
10/21/2016,39.58
10/24/2016,40.13
10/25/2016,40.88
10/26/2016,41.16
10/27/2016,40.49
10/28/2016,40.86
10/31/2016,43.67
11/1/2016,41.06
11/2/2016,39.26
11/3/2016,39.81
11/4/2016,39.32
11/7/2016,41.93
11/8/2016,43.05
11/9/2016,38.31
11/10/2016,35.03
11/11/2016,34.72
11/14/2016,34.63
11/15/2016,36.85
11/16/2016,35.97
11/17/2016,35.93
11/18/2016,35.63
11/21/2016,37.21
11/22/2016,37.78
11/23/2016,36.43
11/24/2016,36.43
11/25/2016,38.4
11/28/2016,40.94
11/29/2016,41.5
11/30/2016,37.12
12/1/2016,35.94
12/2/2016,37.14
12/5/2016,37.47
12/6/2016,37.21
12/7/2016,39.01
12/8/2016,39.54
12/9/2016,40.83
12/12/2016,42.16
12/13/2016,43.58
12/14/2016,40.66
12/15/2016,41.64
12/16/2016,43.24
12/19/2016,43.78
12/20/2016,43.91
12/21/2016,43.37
12/22/2016,43.87
12/23/2016,43.86
12/26/2016,43.86
12/27/2016,43.93
12/28/2016,42.55
12/29/2016,44.34
12/30/2016,43.62
1/2/2017,43.62
1/3/2017,43.18
1/4/2017,43.79
1/5/2017,43.84
1/6/2017,44.24
1/9/2017,42.23
1/10/2017,41.95
1/11/2017,43.34
1/12/2017,43.56
1/13/2017,43.41
1/16/2017,43.41
1/17/2017,44.88
1/18/2017,44.72
1/19/2017,43.42
1/20/2017,43.69
1/23/2017,43.01
1/24/2017,43.12
1/25/2017,43.13
1/26/2017,43.26
1/27/2017,43.16
1/30/2017,43.1
1/31/2017,45.4
2/1/2017,42.89
2/2/2017,44.21
2/3/2017,44.6
2/6/2017,44.31
2/7/2017,44.58
2/8/2017,45.84
2/9/2017,44.76
2/10/2017,45.71
2/13/2017,46.33
2/14/2017,45.33
2/15/2017,44.94
2/16/2017,46.37
2/17/2017,46.46
2/20/2017,46.46
2/21/2017,47.96
2/22/2017,48.51
2/23/2017,50.09
2/24/2017,52.1
2/27/2017,51.38
2/28/2017,52.7
3/1/2017,51.57
3/2/2017,52.58
3/3/2017,52.04
3/6/2017,51.7
3/7/2017,51.67
3/8/2017,49.38
3/9/2017,49.05
3/10/2017,50.31
3/13/2017,50.69
3/14/2017,50.53
3/15/2017,53.04
3/16/2017,51.49
3/17/2017,52.45
3/20/2017,51.35
3/21/2017,53.36
3/22/2017,53.92
3/23/2017,53.61
3/24/2017,54.18
3/27/2017,53.56
3/28/2017,53.67
3/29/2017,53.12
3/30/2017,52.15
3/31/2017,52.59
4/3/2017,52.55
4/4/2017,53.12
4/5/2017,53.91
4/6/2017,53.75
4/7/2017,53
4/10/2017,53.2
4/11/2017,53.28
4/12/2017,54.26
4/13/2017,53.62
4/14/2017,53.62
4/17/2017,54.47
4/18/2017,54.69
4/19/2017,53.7
4/20/2017,53.03
4/21/2017,53.84
4/24/2017,54.58
4/25/2017,54.5
4/26/2017,54.11
4/27/2017,54.54
4/28/2017,53.77
5/1/2017,52.8
5/2/2017,53.1
5/3/2017,52.41
5/4/2017,52.95
5/5/2017,53.88
5/8/2017,53.8
5/9/2017,52.39
5/10/2017,52.75
5/11/2017,52.94
5/12/2017,53.7
5/15/2017,54.27
5/16/2017,52.98
5/17/2017,53.42
5/18/2017,53.9
5/19/2017,54.47
5/22/2017,55.82
5/23/2017,56.28
5/24/2017,57.33
5/25/2017,58.6
5/26/2017,58.47
5/29/2017,58.47
5/30/2017,58.96
5/31/2017,59.77
6/1/2017,60.98
6/2/2017,61.27
6/5/2017,60.41
6/6/2017,60.14
6/7/2017,60.69
6/8/2017,59.44
6/9/2017,59.52
6/12/2017,59.23
6/13/2017,59.6
6/14/2017,60.52
6/15/2017,61.38
6/16/2017,62.2
6/19/2017,61.5
6/20/2017,61.42
6/21/2017,60.39
6/22/2017,59.7
6/23/2017,59.19
6/26/2017,60.36
6/27/2017,58.43
6/28/2017,57.16
6/29/2017,55.88
6/30/2017,55.69
7/3/2017,54.99
7/4/2017,54.99
7/5/2017,54.37
7/6/2017,54.14
7/7/2017,54.44
7/10/2017,54.07
7/11/2017,54.01
7/12/2017,55.38
7/13/2017,54.74
7/14/2017,55.53
7/17/2017,56.08
7/18/2017,56.49
7/19/2017,57.28
7/20/2017,58.51
7/21/2017,59.8
7/24/2017,58.37
7/25/2017,57.77
7/26/2017,58.99
7/27/2017,59.38
7/28/2017,59.14
7/31/2017,59.7
8/1/2017,60.55
8/2/2017,61.14
8/3/2017,61.69
8/4/2017,61.38
8/7/2017,61.73
8/8/2017,62.4
8/9/2017,61.63
8/10/2017,62.01
8/11/2017,61
8/14/2017,62.03
8/15/2017,62.71
8/16/2017,63.38
8/17/2017,62.19
8/18/2017,63.09
8/21/2017,63.61
8/22/2017,64.13
8/23/2017,64.62
8/24/2017,64.58
8/25/2017,65.04
8/28/2017,65.39
8/29/2017,65.09
8/30/2017,64.47
8/31/2017,64.58
9/1/2017,64.2
9/4/2017,64.2
9/5/2017,64.58
9/6/2017,63.75
9/7/2017,65.01
9/8/2017,65.72
9/11/2017,67.27
9/12/2017,64.44
9/13/2017,63.55
9/14/2017,65.01
9/15/2017,65.2
9/18/2017,63.65
9/19/2017,63.3
9/20/2017,62.09
9/21/2017,61.94
9/22/2017,60.85
9/25/2017,62.21
9/26/2017,61.98
9/27/2017,60
9/28/2017,60.56
9/29/2017,60.27
10/2/2017,60.79
10/3/2017,60.24
10/4/2017,61.82
10/5/2017,61.67
10/6/2017,61.52
10/9/2017,61.76
10/10/2017,63.31
10/11/2017,64.06
10/12/2017,64.91
10/13/2017,63.72
10/16/2017,63.39
10/17/2017,64.36
10/18/2017,64.24
10/19/2017,65.79
10/20/2017,65.94
10/23/2017,65.99
10/24/2017,66.01
10/25/2017,65.33
10/26/2017,65.43
10/27/2017,66.54
10/30/2017,66.46
10/31/2017,66.65
11/1/2017,65.67
11/2/2017,66.3
11/3/2017,66.8
11/6/2017,66.23
11/7/2017,68.13
11/8/2017,68.16
11/9/2017,68.3
11/10/2017,67.51
11/13/2017,69.4
11/14/2017,71.61
11/15/2017,70.02
11/16/2017,69.72
11/17/2017,68.67
11/20/2017,68.14
11/21/2017,68.56
11/22/2017,68.58
11/23/2017,68.58
11/24/2017,68.79
11/27/2017,69.58
11/28/2017,70.42
11/29/2017,70.6
11/30/2017,71.41
12/1/2017,70.78
12/4/2017,69.89
12/5/2017,67.81
12/6/2017,68.39
12/7/2017,68.74
12/8/2017,69.27
12/11/2017,70.13
12/12/2017,67.13
12/13/2017,67.51
12/14/2017,67.09
12/15/2017,67.9
12/18/2017,66.01
12/19/2017,63.09
12/20/2017,61.9
12/21/2017,60.07
12/22/2017,60.37
12/25/2017,60.37
12/26/2017,59.47
12/27/2017,60.17
12/28/2017,61.09
12/29/2017,61.08
1/1/2018,61.08
1/2/2018,59.74
1/3/2018,58.51
1/4/2018,57.25
1/5/2018,57.13
1/8/2018,58.53
1/9/2018,56.95
1/10/2018,55.01
1/11/2018,54.55
1/12/2018,53.66
1/15/2018,53.66
1/16/2018,53.31
1/17/2018,54.36
1/18/2018,53.33
1/19/2018,52.97
1/22/2018,53.16
1/23/2018,54.63
1/24/2018,53.84
1/25/2018,56.07
1/26/2018,56.05
1/29/2018,54.08
1/30/2018,54.3
1/31/2018,55.86
2/1/2018,53.47
2/2/2018,52.3
2/5/2018,49.55
2/6/2018,47.54
2/7/2018,46.97
2/8/2018,45.3
2/9/2018,48.6
2/12/2018,49.61
2/13/2018,50.07
2/14/2018,48.56
2/15/2018,51.73
2/16/2018,52.96
2/19/2018,52.96
2/20/2018,51.02
2/21/2018,49.09
2/22/2018,49.8
2/23/2018,53.74
2/26/2018,53.28
2/27/2018,50.7
2/28/2018,49.64
3/1/2018,49.7
3/2/2018,49.25
3/5/2018,52.17
3/6/2018,50.19
3/7/2018,49.3
3/8/2018,50.28
3/9/2018,50.75
3/12/2018,51.53
3/13/2018,51.79
3/14/2018,53.22
3/15/2018,53.15
3/16/2018,54.78
3/19/2018,53.73
3/20/2018,52.98
3/21/2018,52.49
3/22/2018,53.04
3/23/2018,50.88
3/26/2018,52.57
3/27/2018,54.7
3/28/2018,54.79
3/29/2018,55.62
3/30/2018,55.62
4/2/2018,54.3
4/3/2018,54.99
4/4/2018,55.25
4/5/2018,56.53
4/6/2018,55.43
4/9/2018,55.56
4/10/2018,54.56
4/11/2018,54.38
4/12/2018,52.46
4/13/2018,53.48
4/16/2018,55.67
4/17/2018,57.22
4/18/2018,56.55
4/19/2018,56.45
4/20/2018,55.21
4/23/2018,55.58
4/24/2018,56.6
4/25/2018,56.62
4/26/2018,58.27
4/27/2018,59.74
4/30/2018,59.27
5/1/2018,58.95
5/2/2018,58.76
5/3/2018,58.88
5/4/2018,59.66
5/7/2018,58.8
5/8/2018,55.11
5/9/2018,54.13
5/10/2018,56.16
5/11/2018,56.5
5/14/2018,55.9
5/15/2018,54.6
5/16/2018,53.36
5/17/2018,52.2
5/18/2018,52.16
5/21/2018,53.05
5/22/2018,53.66
5/23/2018,55.06
5/24/2018,56.18
5/25/2018,56.85
5/28/2018,56.85
5/29/2018,57.07
5/30/2018,58.4
5/31/2018,58.48
6/1/2018,56.16
6/4/2018,55.01
6/5/2018,53.94
6/6/2018,50.75
6/7/2018,51.46
6/8/2018,51.41
6/11/2018,50.79
6/12/2018,52.7
6/13/2018,52.29
6/14/2018,54.08
6/15/2018,55.18
6/18/2018,55.82
6/19/2018,57.52
6/20/2018,57.57
6/21/2018,58.05
6/22/2018,59.16
6/25/2018,61.61
6/26/2018,61.53
6/27/2018,62.37
6/28/2018,62.38
6/29/2018,62.48
7/2/2018,63.74
7/3/2018,64.24
7/4/2018,64.24
7/5/2018,65.35
7/6/2018,66.6
7/9/2018,61.49
7/10/2018,63.07
7/11/2018,64.38
7/12/2018,64.43
7/13/2018,64.49
7/16/2018,64.24
7/17/2018,64.11
7/18/2018,63.34
7/19/2018,64.94
7/20/2018,63.74
7/23/2018,62.76
7/24/2018,63.25
7/25/2018,63.61
7/26/2018,65.4
7/27/2018,64.64
7/30/2018,63.72
7/31/2018,65.54
8/1/2018,64.07
8/2/2018,65.02
8/3/2018,66.54
8/6/2018,66.9
8/7/2018,66.61
8/8/2018,65.86
8/9/2018,66.62
8/10/2018,65.96
8/13/2018,66.13
8/14/2018,66.63
8/15/2018,67.79
8/16/2018,69.82
8/17/2018,70.59
8/20/2018,70.03
8/21/2018,68.89
8/22/2018,67.62
8/23/2018,67.53
8/24/2018,68.22
8/27/2018,67.08
8/28/2018,66.72
8/29/2018,67.82
8/30/2018,68.02
8/31/2018,67.31
9/3/2018,67.31
9/4/2018,68.14
9/5/2018,70.26
9/6/2018,71.11
9/7/2018,69.21
9/10/2018,70.04
9/11/2018,69.62
9/12/2018,69.48
9/13/2018,70.84
9/14/2018,70.05
9/17/2018,70.56
9/18/2018,70.22
9/19/2018,66.6
9/20/2018,67.01
9/21/2018,67.64
9/24/2018,66.26
9/25/2018,64.29
9/26/2018,62.57
9/27/2018,64.15
9/28/2018,66.56
10/1/2018,65.94
10/2/2018,67.98
10/3/2018,66.09
10/4/2018,66.92
10/5/2018,69.43
10/8/2018,70.83
10/9/2018,71.52
10/10/2018,70.64
10/11/2018,67.19
10/12/2018,67.07
10/15/2018,67.71
10/16/2018,69.73
10/17/2018,69.52
10/18/2018,69.7
10/19/2018,72.31
10/22/2018,71.13
10/23/2018,70.07
10/24/2018,73.71
10/25/2018,71.12
10/26/2018,68.24
10/29/2018,70.36
10/30/2018,70.9
10/31/2018,68.85
11/1/2018,68.23
11/2/2018,67.34
11/5/2018,69.72
11/6/2018,71.11
11/7/2018,73
11/8/2018,72.62
11/9/2018,72.93
11/12/2018,72.94
11/13/2018,73.65
11/14/2018,71.92
11/15/2018,71.06
11/16/2018,73.29
11/19/2018,74.2
11/20/2018,73.29
11/21/2018,70.89
11/22/2018,70.89
11/23/2018,71.12
11/26/2018,72.04
11/27/2018,73.31
11/28/2018,73.13
11/29/2018,72.77
11/30/2018,75.41
12/3/2018,76.95
12/4/2018,77.07
12/5/2018,77.07
12/6/2018,77.11
12/7/2018,77.89
12/10/2018,78.37
12/11/2018,78.95
12/12/2018,78.1
12/13/2018,79.58
12/14/2018,79.09
12/17/2018,73.34
12/18/2018,72.19
12/19/2018,71.88
12/20/2018,72.38
12/21/2018,71.14
12/24/2018,63.64
12/25/2018,63.64
12/26/2018,66.11
12/27/2018,67.62
12/28/2018,67.72
12/31/2018,68.19
